,Date,Polarity Score(Scaled),Polarity Score(Unscaled),Label
0,2008-08-08,-0.8523079,-0.7330843,0
1,2008-08-11,0.9647764,0.996928,1
2,2008-08-12,-1.0568888,-0.92786205,0
3,2008-08-13,-0.854806,-0.7354627,0
4,2008-08-14,0.9679968,0.99999404,1
5,2008-08-15,0.96451294,0.99667716,1
6,2008-08-18,-1.1322893,-0.9996494,0
7,2008-08-19,-1.1046633,-0.9733472,0
8,2008-08-20,0.9663783,0.99845314,1
9,2008-08-21,0.9503378,0.9831813,1
10,2008-08-22,0.9651359,0.9972702,1
11,2008-08-25,-1.1317028,-0.999091,0
12,2008-08-26,0.9667967,0.9988515,1
13,2008-08-27,0.96406734,0.9962529,1
14,2008-08-28,0.9666399,0.99870217,1
15,2008-08-29,-1.132182,-0.9995472,0
16,2008-09-02,-0.6422813,-0.5331219,0
17,2008-09-03,0.9074183,0.94231844,1
18,2008-09-04,-1.132642,-0.9999852,0
19,2008-09-05,0.9678741,0.9998773,1
20,2008-09-08,0.85473263,0.8921574,1
21,2008-09-09,-1.1111959,-0.97956675,0
22,2008-09-10,0.96769625,0.99970794,1
23,2008-09-11,0.96283805,0.99508256,1
24,2008-09-12,-1.1278158,-0.9953903,0
25,2008-09-15,-0.43013477,-0.33114108,0
26,2008-09-16,0.96221125,0.9944858,1
27,2008-09-17,-1.118704,-0.986715,0
28,2008-09-18,0.96789104,0.99989337,1
29,2008-09-19,0.9648299,0.99697894,1
30,2008-09-22,-1.1326562,-0.99999875,0
31,2008-09-23,-1.1297355,-0.997218,0
32,2008-09-24,-1.1326523,-0.999995,0
33,2008-09-25,0.9595212,0.9919246,1
34,2008-09-26,0.6726079,0.7187598,1
35,2008-09-29,-1.0051895,-0.8786401,0
36,2008-09-30,0.95628303,0.98884165,1
37,2008-10-01,-1.1269169,-0.99453443,0
38,2008-10-02,-1.1326355,-0.999979,0
39,2008-10-03,-1.1293159,-0.99681836,0
40,2008-10-06,-0.90216166,-0.78054917,0
41,2008-10-07,-1.0746076,-0.94473165,0
42,2008-10-08,-0.9139781,-0.79179937,0
43,2008-10-09,-0.77830976,-0.66263205,0
44,2008-10-10,-1.1325997,-0.9999449,0
45,2008-10-13,0.96725106,0.9992841,1
46,2008-10-14,-1.0886242,-0.95807666,0
47,2008-10-15,-1.1273701,-0.99496585,0
48,2008-10-16,0.9671457,0.9991838,1
49,2008-10-17,-1.1326543,-0.9999969,0
50,2008-10-20,0.9526154,0.9853497,1
51,2008-10-21,-1.1322962,-0.99965596,0
52,2008-10-22,-1.1198357,-0.9877926,0
53,2008-10-23,0.9634714,0.9956856,1
54,2008-10-24,-1.052264,-0.9234588,0
55,2008-10-27,-1.1196184,-0.9875856,0
56,2008-10-28,0.9593038,0.99171764,1
57,2008-10-29,-1.0837314,-0.9534183,0
58,2008-10-30,0.9674941,0.9995155,1
59,2008-10-31,0.96142983,0.9937418,1
60,2008-11-03,-1.1310815,-0.9984995,0
61,2008-11-04,0.96775687,0.99976563,1
62,2008-11-05,-1.1187731,-0.9867808,0
63,2008-11-06,-1.131525,-0.9989217,0
64,2008-11-07,0.9670996,0.9991399,1
65,2008-11-10,-1.0403847,-0.9121487,0
66,2008-11-11,-1.1326572,-0.9999996,0
67,2008-11-12,-1.1326478,-0.9999907,0
68,2008-11-13,0.9652637,0.997392,1
69,2008-11-14,-1.1326004,-0.9999456,0
70,2008-11-17,-1.1285712,-0.9961095,0
71,2008-11-18,0.96768004,0.9996925,1
72,2008-11-19,-1.0066284,-0.88000995,0
73,2008-11-20,-1.12944,-0.9969365,0
74,2008-11-21,0.96293575,0.99517554,1
75,2008-11-24,0.9678547,0.9998588,1
76,2008-11-25,0.966949,0.9989965,1
77,2008-11-26,0.9667064,0.9987655,1
78,2008-11-28,0.9475184,0.980497,1
79,2008-12-01,-1.1033918,-0.97213656,0
80,2008-12-02,0.7883124,0.8289199,1
81,2008-12-03,0.96687,0.9989213,1
82,2008-12-04,-1.1267774,-0.99440163,0
83,2008-12-05,0.9675236,0.99954355,1
84,2008-12-08,0.9654403,0.9975601,1
85,2008-12-09,-0.6132601,-0.5054913,0
86,2008-12-10,0.96505153,0.99718994,1
87,2008-12-11,-1.0734264,-0.9436071,0
88,2008-12-12,0.9054893,0.9404819,1
89,2008-12-15,-1.1185939,-0.98661023,0
90,2008-12-16,0.96797144,0.99996996,1
91,2008-12-17,-1.1297837,-0.99726385,0
92,2008-12-18,-1.0930606,-0.96230054,0
93,2008-12-19,-1.1326575,-1.0,0
94,2008-12-22,-0.9966078,-0.87046957,0
95,2008-12-23,-1.1280203,-0.9955849,0
96,2008-12-24,0.9671842,0.99922043,1
97,2008-12-26,0.96616024,0.99824554,1
98,2008-12-29,-0.7248486,-0.6117327,0
99,2008-12-30,0.9671316,0.99917036,1
100,2008-12-31,0.9661613,0.99824655,1
101,2009-01-02,0.96145904,0.9937696,1
102,2009-01-05,-1.0411885,-0.91291404,0
103,2009-01-06,0.94924295,0.9821389,1
104,2009-01-07,-1.0360748,-0.90804535,0
105,2009-01-08,0.056540847,0.13221377,0
106,2009-01-09,-0.8947505,-0.7734931,0
107,2009-01-12,-0.8669638,-0.74703795,0
108,2009-01-13,-1.1114556,-0.97981405,0
109,2009-01-14,-0.2124584,-0.12389544,0
110,2009-01-15,0.9650852,0.997222,1
111,2009-01-16,0.9678661,0.99986964,1
112,2009-01-20,-1.1299647,-0.9974363,0
113,2009-01-21,0.9674773,0.9994995,1
114,2009-01-22,-1.091202,-0.96053094,0
115,2009-01-23,-1.1181217,-0.9861607,0
116,2009-01-26,0.96798295,0.9999809,1
117,2009-01-27,0.95913464,0.9915566,1
118,2009-01-28,0.9603778,0.9927402,1
119,2009-01-29,-1.1249572,-0.9926686,0
120,2009-01-30,-1.1305143,-0.9979595,0
121,2009-02-02,-1.0616225,-0.9323688,0
122,2009-02-03,0.95072913,0.9835539,1
123,2009-02-04,-1.1326553,-0.99999785,0
124,2009-02-05,0.96783906,0.9998439,1
125,2009-02-06,0.9656263,0.99773717,1
126,2009-02-09,-1.1113144,-0.9796795,0
127,2009-02-10,-1.0883281,-0.9577947,0
128,2009-02-11,0.9619861,0.99427146,1
129,2009-02-12,-1.1221594,-0.9900049,0
130,2009-02-13,-1.1304815,-0.9979282,0
131,2009-02-17,-1.1298681,-0.99734426,0
132,2009-02-18,0.949365,0.9822551,1
133,2009-02-19,-1.1326575,-1.0,0
134,2009-02-20,-1.1325291,-0.99987775,0
135,2009-02-23,-1.1308929,-0.9983198,0
136,2009-02-24,0.96748674,0.99950844,1
137,2009-02-25,-1.1189488,-0.9869482,0
138,2009-02-26,-1.1317446,-0.99913085,0
139,2009-02-27,-0.61341256,-0.5056365,0
140,2009-03-02,-1.1288273,-0.9963534,0
141,2009-03-03,-1.1319941,-0.9993684,0
142,2009-03-04,0.9678929,0.99989516,1
143,2009-03-05,-1.13111,-0.9985265,0
144,2009-03-06,0.96786785,0.9998713,1
145,2009-03-09,-1.1318786,-0.99925834,0
146,2009-03-10,0.95125836,0.9840577,1
147,2009-03-11,0.95956373,0.9919651,1
148,2009-03-12,0.8673049,0.90412724,1
149,2009-03-13,0.96681947,0.9988732,1
150,2009-03-16,-1.0868359,-0.95637405,0
151,2009-03-17,0.96800184,0.99999887,1
152,2009-03-18,0.94540745,0.9784872,1
153,2009-03-19,-1.0665151,-0.9370269,0
154,2009-03-20,-0.5288299,-0.42510685,0
155,2009-03-23,0.93969566,0.9730491,1
156,2009-03-24,-0.9285372,-0.80566084,0
157,2009-03-25,0.9448808,0.97798574,1
158,2009-03-26,0.9480454,0.9809987,1
159,2009-03-27,-0.7566258,-0.64198714,0
160,2009-03-30,-1.07897,-0.948885,0
161,2009-03-31,0.94877553,0.98169386,1
162,2009-04-01,0.9346186,0.9682153,1
163,2009-04-02,0.80414796,0.84399664,1
164,2009-04-03,0.9544985,0.9871426,1
165,2009-04-06,-0.7134323,-0.60086346,0
166,2009-04-07,-1.1305588,-0.99800193,0
167,2009-04-08,0.9652518,0.9973806,1
168,2009-04-09,0.96791255,0.9999139,1
169,2009-04-13,-1.132657,-0.9999995,0
170,2009-04-14,-1.1326575,-0.99999994,0
171,2009-04-15,0.96776915,0.9997773,1
172,2009-04-16,0.96203554,0.9943185,1
173,2009-04-17,0.9668642,0.9989158,1
174,2009-04-20,-1.132522,-0.999871,0
175,2009-04-21,0.96771955,0.9997301,1
176,2009-04-22,-1.129705,-0.9971889,0
177,2009-04-23,0.9679957,0.999993,1
178,2009-04-24,0.9378065,0.9712505,1
179,2009-04-27,-1.0472096,-0.91864663,0
180,2009-04-28,-0.4969668,-0.39477062,0
181,2009-04-29,0.96761197,0.9996277,1
182,2009-04-30,-0.9864712,-0.8608187,0
183,2009-05-01,0.95275396,0.9854817,1
184,2009-05-04,0.9288358,0.9627096,1
185,2009-05-05,-1.1317931,-0.99917704,0
186,2009-05-06,0.9678733,0.9998765,1
187,2009-05-07,-1.077044,-0.94705135,0
188,2009-05-08,0.4176357,0.47600552,1
189,2009-05-11,-1.1326575,-1.0,0
190,2009-05-12,0.72385496,0.7675512,1
191,2009-05-13,-1.1301353,-0.9975986,0
192,2009-05-14,0.9679234,0.9999242,1
193,2009-05-15,-1.1325638,-0.99991083,0
194,2009-05-18,-0.15297139,-0.067258954,1
195,2009-05-19,-1.123549,-0.9913278,0
196,2009-05-20,-0.72543836,-0.6122942,0
197,2009-05-21,-1.1306533,-0.9980918,0
198,2009-05-22,-1.1325672,-0.99991393,0
199,2009-05-26,0.9672374,0.9992711,1
200,2009-05-27,-1.1314789,-0.9988779,0
201,2009-05-28,0.9665253,0.9985931,1
202,2009-05-29,0.9619716,0.99425757,1
203,2009-06-01,0.96672887,0.9987869,1
204,2009-06-02,0.9667977,0.99885243,1
205,2009-06-03,-1.1186614,-0.9866745,0
206,2009-06-04,0.96685624,0.99890816,1
207,2009-06-05,0.7658694,0.80755234,1
208,2009-06-08,0.8346113,0.8730002,1
209,2009-06-09,-1.105309,-0.97396195,0
210,2009-06-10,-1.1306572,-0.99809545,0
211,2009-06-11,0.967252,0.999285,1
212,2009-06-12,0.96434224,0.9965146,1
213,2009-06-15,-1.1325979,-0.99994326,0
214,2009-06-16,-1.056356,-0.92735463,0
215,2009-06-17,-1.1326575,-0.99999994,0
216,2009-06-18,0.96337205,0.9955909,1
217,2009-06-19,-1.1323948,-0.99974984,0
218,2009-06-22,-1.1324359,-0.999789,0
219,2009-06-23,-1.126124,-0.9937795,0
220,2009-06-24,-1.1308959,-0.9983227,0
221,2009-06-25,0.96788764,0.99989015,1
222,2009-06-26,-1.1256751,-0.9933522,0
223,2009-06-29,0.91484314,0.9493875,1
224,2009-06-30,-1.1326548,-0.9999973,0
225,2009-07-01,0.9666193,0.9986826,1
226,2009-07-02,-1.103502,-0.9722416,0
227,2009-07-06,0.95229423,0.98504394,1
228,2009-07-07,-1.0645251,-0.9351323,0
229,2009-07-08,0.9678467,0.99985117,1
230,2009-07-09,0.9410055,0.9742962,1
231,2009-07-10,-1.1315461,-0.99894184,0
232,2009-07-13,0.96687996,0.99893075,1
233,2009-07-14,0.42867526,0.48651606,1
234,2009-07-15,0.9646296,0.9967882,1
235,2009-07-16,0.96725124,0.99928427,1
236,2009-07-17,0.96791327,0.9999146,1
237,2009-07-20,0.9638628,0.99605817,1
238,2009-07-21,0.9665837,0.9986487,1
239,2009-07-22,-1.1199262,-0.9878788,0
240,2009-07-23,0.96417344,0.9963539,1
241,2009-07-24,0.96637154,0.9984467,1
242,2009-07-27,0.9663793,0.9984541,1
243,2009-07-28,-1.1326575,-1.0,0
244,2009-07-29,-1.104792,-0.9734697,0
245,2009-07-30,0.96573293,0.9978387,1
246,2009-07-31,0.96318924,0.9954169,1
247,2009-08-03,0.9665801,0.99864525,1
248,2009-08-04,0.9679948,0.9999922,1
249,2009-08-05,-1.1251539,-0.9928559,0
250,2009-08-06,-1.1222696,-0.9901099,0
251,2009-08-07,0.93015385,0.9639645,1
252,2009-08-10,-1.1299342,-0.99740714,0
253,2009-08-11,-1.1299362,-0.9974091,0
254,2009-08-12,0.9411608,0.97444403,1
255,2009-08-13,0.96478134,0.9969327,1
256,2009-08-14,-1.1282581,-0.99581146,0
257,2009-08-17,-1.1307253,-0.99816036,0
258,2009-08-18,0.9567959,0.9893299,1
259,2009-08-19,0.9678541,0.9998582,1
260,2009-08-20,0.9579358,0.9904152,1
261,2009-08-21,0.9344221,0.9680282,1
262,2009-08-24,0.9656642,0.9977733,1
263,2009-08-25,0.95922834,0.9916458,1
264,2009-08-26,0.96526206,0.9973904,1
265,2009-08-27,0.9569081,0.98943675,1
266,2009-08-28,-1.1323675,-0.9997239,0
267,2009-08-31,-1.1326568,-0.9999993,0
268,2009-09-01,-1.1267548,-0.99438006,0
269,2009-09-02,-1.1176883,-0.98574805,0
270,2009-09-03,0.9274043,0.9613467,1
271,2009-09-04,0.96688855,0.9989389,1
272,2009-09-08,0.967416,0.9994411,1
273,2009-09-09,0.9417127,0.97496945,1
274,2009-09-10,0.96800256,0.9999996,1
275,2009-09-11,-1.1325474,-0.9998951,0
276,2009-09-14,0.9672618,0.9992943,1
277,2009-09-15,0.96427447,0.9964501,1
278,2009-09-16,0.9651643,0.99729735,1
279,2009-09-17,-0.45609817,-0.35586035,0
280,2009-09-18,0.968003,0.99999994,1
281,2009-09-21,-1.132248,-0.9996101,0
282,2009-09-22,0.9678845,0.99988717,1
283,2009-09-23,-1.1210749,-0.98897237,0
284,2009-09-24,-1.1320369,-0.99940914,0
285,2009-09-25,-0.7796105,-0.6638705,0
286,2009-09-28,0.9675248,0.99954474,1
287,2009-09-29,-0.91176593,-0.78969324,0
288,2009-09-30,-1.1325909,-0.9999366,0
289,2009-10-01,-1.1310838,-0.9985017,0
290,2009-10-02,-1.0994391,-0.9683734,0
291,2009-10-05,0.95569336,0.98828024,1
292,2009-10-06,0.9638677,0.9960629,1
293,2009-10-07,-1.0878984,-0.9573856,0
294,2009-10-08,0.96252686,0.99478626,1
295,2009-10-09,0.94017154,0.97350216,1
296,2009-10-12,0.967229,0.9992631,1
297,2009-10-13,-1.1326252,-0.99996924,0
298,2009-10-14,0.9538441,0.9865195,1
299,2009-10-15,0.9334579,0.9671103,1
300,2009-10-16,-1.1322356,-0.9995984,0
301,2009-10-19,0.965355,0.99747884,1
302,2009-10-20,-1.1265106,-0.9941476,0
303,2009-10-21,-1.0819695,-0.9517408,0
304,2009-10-22,0.9661538,0.9982394,1
305,2009-10-23,-1.1290025,-0.99652,0
306,2009-10-26,-1.1324672,-0.9998188,0
307,2009-10-27,0.96535146,0.9974755,1
308,2009-10-28,-1.118392,-0.98641795,0
309,2009-10-29,0.9519708,0.984736,1
310,2009-10-30,-1.0888717,-0.95831233,0
311,2009-11-02,0.9641711,0.9963517,1
312,2009-11-03,-1.1249408,-0.992653,0
313,2009-11-04,0.9679126,0.99991393,1
314,2009-11-05,0.96431077,0.9964847,1
315,2009-11-06,0.9594362,0.9918437,1
316,2009-11-09,0.93401504,0.9676407,1
317,2009-11-10,0.9674771,0.99949926,1
318,2009-11-11,0.96528065,0.9974081,1
319,2009-11-12,-1.1283098,-0.99586064,0
320,2009-11-13,0.94075423,0.97405696,1
321,2009-11-16,0.8933567,0.92893064,1
322,2009-11-17,0.9664651,0.9985358,1
323,2009-11-18,-1.132656,-0.99999857,0
324,2009-11-19,-1.0097626,-0.8829941,0
325,2009-11-20,-1.128394,-0.9959408,0
326,2009-11-23,0.9677751,0.99978304,1
327,2009-11-24,-1.1324612,-0.9998131,0
328,2009-11-25,0.9618944,0.9941841,1
329,2009-11-27,-0.9707684,-0.84586835,0
330,2009-11-30,0.9668927,0.9989429,1
331,2009-12-01,0.96540284,0.99752444,1
332,2009-12-02,-1.1326355,-0.99997896,0
333,2009-12-03,-1.1318586,-0.99923927,0
334,2009-12-04,0.880106,0.91631484,1
335,2009-12-07,0.96721464,0.9992494,1
336,2009-12-08,-1.1252575,-0.9929546,0
337,2009-12-09,0.9477889,0.9807545,1
338,2009-12-10,0.96367043,0.99587506,1
339,2009-12-11,0.96618783,0.9982718,1
340,2009-12-14,0.9669283,0.99897677,1
341,2009-12-15,0.3879968,0.44778684,0
342,2009-12-16,-1.1197016,-0.98766494,0
343,2009-12-17,-1.127748,-0.9953258,0
344,2009-12-18,0.95942175,0.99182993,1
345,2009-12-21,0.8444324,0.88235074,1
346,2009-12-22,0.92610526,0.96010995,1
347,2009-12-23,0.9659866,0.9980802,1
348,2009-12-24,0.9679977,0.999995,1
349,2009-12-28,0.9678445,0.9998491,1
350,2009-12-29,-1.1206399,-0.9885583,0
351,2009-12-30,0.96795446,0.99995375,1
352,2009-12-31,-0.86201525,-0.7423265,0
353,2010-01-04,0.7239729,0.7676635,1
354,2010-01-05,-1.1309453,-0.9983698,0
355,2010-01-06,0.967977,0.9999752,1
356,2010-01-07,0.96783555,0.99984056,1
357,2010-01-08,0.96651495,0.99858326,1
358,2010-01-11,0.96788985,0.99989223,1
359,2010-01-12,-0.73079914,-0.6173981,0
360,2010-01-13,0.95792663,0.99040645,1
361,2010-01-14,0.95410097,0.98676413,1
362,2010-01-15,-1.1247298,-0.99245214,0
363,2010-01-19,0.96641284,0.99848604,1
364,2010-01-20,-0.9169491,-0.794628,0
365,2010-01-21,-1.1084565,-0.9769586,0
366,2010-01-22,-1.1139609,-0.9821993,0
367,2010-01-25,0.9641457,0.9963275,1
368,2010-01-26,-1.1308982,-0.99832493,0
369,2010-01-27,0.9554978,0.98809403,1
370,2010-01-28,-1.132,-0.9993739,0
371,2010-01-29,-1.1320109,-0.9993844,0
372,2010-02-01,0.9672065,0.99924165,1
373,2010-02-02,0.9674998,0.9995209,1
374,2010-02-03,-1.132656,-0.99999857,0
375,2010-02-04,0.7595811,0.80156535,0
376,2010-02-05,0.96576923,0.99787325,1
377,2010-02-08,-1.1318989,-0.99927765,0
378,2010-02-09,0.9282019,0.9621061,1
379,2010-02-10,-1.129568,-0.99705845,0
380,2010-02-11,0.96731794,0.99934775,1
381,2010-02-12,-1.1257588,-0.99343175,0
382,2010-02-16,0.96773654,0.9997463,1
383,2010-02-17,0.967814,0.99982005,1
384,2010-02-18,0.9553959,0.987997,1
385,2010-02-19,0.96521,0.99734086,1
386,2010-02-22,-1.0034109,-0.8769467,0
387,2010-02-23,-0.88096315,-0.76036644,0
388,2010-02-24,0.9462679,0.9793064,1
389,2010-02-25,-1.1319596,-0.9993355,0
390,2010-02-26,0.9565313,0.989078,1
391,2010-03-01,0.96795714,0.9999563,1
392,2010-03-02,0.96772933,0.9997394,1
393,2010-03-03,-1.0626029,-0.9333022,0
394,2010-03-04,0.9676677,0.99968076,1
395,2010-03-05,0.95733684,0.9898449,1
396,2010-03-08,-1.1225187,-0.990347,0
397,2010-03-09,0.96784574,0.9998503,1
398,2010-03-10,0.96297705,0.9952149,1
399,2010-03-11,0.96646315,0.9985339,1
400,2010-03-12,0.9679938,0.99999124,1
401,2010-03-15,0.9674765,0.9994987,1
402,2010-03-16,0.9679673,0.99996597,1
403,2010-03-17,0.9672587,0.99929136,1
404,2010-03-18,0.96691,0.99895936,1
405,2010-03-19,-1.1199518,-0.98790306,0
406,2010-03-22,0.9618498,0.99414164,1
407,2010-03-23,0.77804345,0.819143,1
408,2010-03-24,-1.132656,-0.9999985,0
409,2010-03-25,0.919919,0.9542201,1
410,2010-03-26,0.96629,0.9983691,1
411,2010-03-29,0.47086084,0.5266802,1
412,2010-03-30,0.91753095,0.9519465,1
413,2010-03-31,-1.1315565,-0.9989518,0
414,2010-04-01,0.9518989,0.98466754,1
415,2010-04-05,0.9679997,0.99999684,1
416,2010-04-06,-1.1326575,-1.0,0
417,2010-04-07,-1.1301031,-0.99756795,0
418,2010-04-08,0.96765065,0.99966455,1
419,2010-04-09,0.9660951,0.9981835,1
420,2010-04-12,0.9603305,0.99269515,1
421,2010-04-13,0.9637194,0.9959217,1
422,2010-04-14,0.96761674,0.99963224,1
423,2010-04-15,0.96743315,0.9994575,1
424,2010-04-16,-1.1181513,-0.9861889,0
425,2010-04-19,0.87368655,0.91020304,1
426,2010-04-20,0.9340606,0.96768403,1
427,2010-04-21,0.96465254,0.9968101,1
428,2010-04-22,0.9512213,0.98402244,1
429,2010-04-23,0.9673629,0.99939054,1
430,2010-04-26,0.9679993,0.9999964,1
431,2010-04-27,-1.1264528,-0.9940926,0
432,2010-04-28,0.96710956,0.9991494,1
433,2010-04-29,0.9398922,0.9732362,1
434,2010-04-30,-1.0776354,-0.94761443,0
435,2010-05-03,0.96710765,0.99914753,1
436,2010-05-04,-0.87881464,-0.75832087,0
437,2010-05-05,-1.1121441,-0.9804695,0
438,2010-05-06,-1.1323463,-0.99970365,0
439,2010-05-07,-1.1319377,-0.9993146,0
440,2010-05-10,0.9675454,0.9995643,1
441,2010-05-11,-1.12723,-0.9948326,0
442,2010-05-12,0.9670543,0.99909675,1
443,2010-05-13,-1.1260637,-0.9937222,0
444,2010-05-14,-1.1326461,-0.9999891,0
445,2010-05-17,0.96224767,0.9945204,1
446,2010-05-18,-1.1296643,-0.9971502,0
447,2010-05-19,-1.1300128,-0.99748194,0
448,2010-05-20,-1.1252242,-0.9929229,0
449,2010-05-21,0.9611823,0.99350613,1
450,2010-05-24,-1.1303439,-0.99779725,0
451,2010-05-25,-1.1064857,-0.9750823,0
452,2010-05-26,-1.1222979,-0.9901367,0
453,2010-05-27,0.9669582,0.99900526,1
454,2010-05-28,-1.0518922,-0.92310476,0
455,2010-06-01,-1.1326555,-0.9999981,0
456,2010-06-02,0.7686746,0.8102231,1
457,2010-06-03,0.95249766,0.98523766,1
458,2010-06-04,-1.0895222,-0.9589317,0
459,2010-06-07,-1.1321372,-0.9995045,0
460,2010-06-08,0.96790576,0.99990743,1
461,2010-06-09,-0.8905087,-0.7694546,0
462,2010-06-10,0.9188329,0.95318604,1
463,2010-06-11,0.96777445,0.9997824,1
464,2010-06-14,-1.1271142,-0.99472225,0
465,2010-06-15,0.95225745,0.98500896,1
466,2010-06-16,0.9617173,0.9940155,1
467,2010-06-17,0.9439855,0.9771334,1
468,2010-06-18,0.9640109,0.9961992,1
469,2010-06-21,-1.1229964,-0.9908019,0
470,2010-06-22,-1.1285298,-0.99607,0
471,2010-06-23,0.9497704,0.98264104,1
472,2010-06-24,-1.131857,-0.99923784,0
473,2010-06-25,-1.1096442,-0.9780894,0
474,2010-06-28,-1.1325854,-0.99993134,0
475,2010-06-29,-1.1322054,-0.9995695,0
476,2010-06-30,-1.1309949,-0.99841696,0
477,2010-07-01,-1.1317061,-0.9990942,0
478,2010-07-02,-1.0277057,-0.90007734,0
479,2010-07-06,0.84604937,0.8838902,1
480,2010-07-07,0.96308285,0.9953156,1
481,2010-07-08,0.9656782,0.9977866,1
482,2010-07-09,-0.42278028,-0.324139,1
483,2010-07-12,0.96554226,0.9976572,1
484,2010-07-13,0.9629731,0.9952111,1
485,2010-07-14,0.96425897,0.99643534,1
486,2010-07-15,-1.0520176,-0.9232242,0
487,2010-07-16,-1.1319404,-0.9993171,0
488,2010-07-19,0.96769226,0.9997041,1
489,2010-07-20,0.96794343,0.99994326,1
490,2010-07-21,0.96209174,0.994372,0
491,2010-07-22,0.96783394,0.999839,1
492,2010-07-23,0.96374226,0.9959434,1
493,2010-07-26,0.89366215,0.92922145,1
494,2010-07-27,0.9668865,0.998937,1
495,2010-07-28,-1.1236962,-0.9914681,0
496,2010-07-29,-1.0719961,-0.94224536,0
497,2010-07-30,-1.131869,-0.9992492,0
498,2010-08-02,0.9547652,0.98739654,1
499,2010-08-03,-1.1326575,-1.0,0
500,2010-08-04,0.9677609,0.9997695,1
501,2010-08-05,-1.1315137,-0.998911,0
502,2010-08-06,-1.1200036,-0.9879525,0
503,2010-08-09,0.9569839,0.9895089,1
504,2010-08-10,-1.1241032,-0.99185556,0
505,2010-08-11,-0.63149595,-0.5228534,0
506,2010-08-12,-1.1318693,-0.9992495,0
507,2010-08-13,-1.1307195,-0.9981549,0
508,2010-08-16,-1.1251537,-0.99285567,0
509,2010-08-17,0.96559423,0.99770665,1
510,2010-08-18,0.95191264,0.98468065,1
511,2010-08-19,-1.132426,-0.9997795,0
512,2010-08-20,-1.1325734,-0.9999199,0
513,2010-08-23,-0.96614426,-0.84146583,0
514,2010-08-24,-1.1312746,-0.99868333,0
515,2010-08-25,0.9523157,0.9850644,1
516,2010-08-26,-1.1086568,-0.97714937,0
517,2010-08-27,0.96795195,0.99995136,1
518,2010-08-30,-1.119691,-0.9876548,0
519,2010-08-31,0.9675914,0.9996081,1
520,2010-09-01,0.9594976,0.9919021,1
521,2010-09-02,0.9675288,0.99954855,1
522,2010-09-03,0.9387277,0.9721275,1
523,2010-09-07,-1.1326575,-1.0,0
524,2010-09-08,0.9663543,0.9984303,1
525,2010-09-09,0.94621706,0.979258,1
526,2010-09-10,0.96791357,0.9999148,1
527,2010-09-13,0.9562469,0.98880726,1
528,2010-09-14,-1.1326249,-0.9999688,0
529,2010-09-15,0.9395669,0.9729265,1
530,2010-09-16,0.967705,0.9997163,1
531,2010-09-17,0.9679464,0.9999461,1
532,2010-09-20,0.7592091,0.8012112,1
533,2010-09-21,0.9673796,0.9994065,1
534,2010-09-22,-1.1294518,-0.9969479,0
535,2010-09-23,-1.1279315,-0.99550045,0
536,2010-09-24,0.95025235,0.98309994,1
537,2010-09-27,-0.13675758,-0.051822096,0
538,2010-09-28,0.9671206,0.9991599,1
539,2010-09-29,-0.06890802,0.012776226,0
540,2010-09-30,-1.1318755,-0.9992554,0
541,2010-10-01,0.96766746,0.9996805,1
542,2010-10-04,-1.1326557,-0.9999983,0
543,2010-10-05,0.8268225,0.8655847,1
544,2010-10-06,0.87453854,0.9110142,1
545,2010-10-07,-0.40686738,-0.30898863,0
546,2010-10-08,0.9677876,0.99979496,1
547,2010-10-11,0.9641327,0.9963152,1
548,2010-10-12,0.966244,0.9983253,1
549,2010-10-13,0.8067214,0.84644675,1
550,2010-10-14,-1.1066899,-0.97527665,0
551,2010-10-15,-1.1080892,-0.976609,0
552,2010-10-18,0.9632852,0.99550825,1
553,2010-10-19,-1.1110904,-0.9794663,0
554,2010-10-20,0.9601249,0.9924994,1
555,2010-10-21,0.95762926,0.99012333,1
556,2010-10-22,-1.1144161,-0.9826327,0
557,2010-10-25,0.9664833,0.9985531,1
558,2010-10-26,0.96672386,0.99878216,1
559,2010-10-27,-0.94324803,-0.81966674,0
560,2010-10-28,-1.0360574,-0.9080287,0
561,2010-10-29,0.96775794,0.99976665,1
562,2010-11-01,0.95766926,0.9901614,1
563,2010-11-02,0.9663806,0.99845535,1
564,2010-11-03,0.96587014,0.9979693,1
565,2010-11-04,0.96385574,0.9960515,1
566,2010-11-05,0.96452713,0.9966907,1
567,2010-11-08,-1.1326575,-0.99999994,0
568,2010-11-09,-1.1175345,-0.98560166,0
569,2010-11-10,0.9666033,0.99866736,1
570,2010-11-11,-1.1321368,-0.99950415,0
571,2010-11-12,-1.132657,-0.99999946,0
572,2010-11-15,0.9668882,0.9989386,1
573,2010-11-16,-0.98411566,-0.85857606,0
574,2010-11-17,-1.1309836,-0.9984063,0
575,2010-11-18,0.9679787,0.9999769,1
576,2010-11-19,0.96262133,0.9948762,1
577,2010-11-22,-1.1255766,-0.99325836,0
578,2010-11-23,-1.0924282,-0.9616984,0
579,2010-11-24,0.9345186,0.9681201,1
580,2010-11-26,-1.1324219,-0.9997756,0
581,2010-11-29,-1.1289731,-0.9964921,0
582,2010-11-30,-1.1173377,-0.9854142,0
583,2010-12-01,0.9353572,0.96891856,1
584,2010-12-02,0.96677864,0.9988343,1
585,2010-12-03,0.96799374,0.9999912,1
586,2010-12-06,-1.1102549,-0.9786708,0
587,2010-12-07,-1.1326386,-0.99998194,0
588,2010-12-08,0.9664226,0.99849534,1
589,2010-12-09,-1.1262827,-0.99393064,0
590,2010-12-10,0.96072555,0.99307126,1
591,2010-12-13,0.96799517,0.99999255,1
592,2010-12-14,0.9652348,0.99736446,1
593,2010-12-15,-0.9108911,-0.7888603,0
594,2010-12-16,0.96547234,0.9975906,1
595,2010-12-17,-1.1163211,-0.98444635,0
596,2010-12-20,-1.1312118,-0.99862343,0
597,2010-12-21,0.9679444,0.9999442,1
598,2010-12-22,0.94806623,0.98101854,1
599,2010-12-23,0.9679932,0.99999064,1
600,2010-12-27,-1.1270134,-0.9946264,0
601,2010-12-28,0.9674327,0.999457,1
602,2010-12-29,0.9499031,0.9827674,1
603,2010-12-30,-1.1326575,-1.0,0
604,2010-12-31,0.967635,0.9996496,1
605,2011-01-03,0.9537996,0.9864772,1
606,2011-01-04,0.9678913,0.9998936,1
607,2011-01-05,0.8852052,0.92116976,1
608,2011-01-06,-1.1278325,-0.99540627,0
609,2011-01-07,-1.1300117,-0.997481,0
610,2011-01-10,-1.1320623,-0.9994332,0
611,2011-01-11,0.96593714,0.9980331,1
612,2011-01-12,0.96797246,0.9999709,1
613,2011-01-13,-1.1247288,-0.9924512,0
614,2011-01-14,0.95738214,0.9898881,1
615,2011-01-18,0.89736354,0.93274546,1
616,2011-01-19,-1.1324471,-0.99979967,0
617,2011-01-20,-1.1325724,-0.99991894,0
618,2011-01-21,0.9607828,0.9931258,1
619,2011-01-24,0.9639379,0.9961297,1
620,2011-01-25,-1.1326574,-0.9999998,0
621,2011-01-26,0.95592755,0.98850316,1
622,2011-01-27,0.9613274,0.99364424,1
623,2011-01-28,-1.1324983,-0.99984837,0
624,2011-01-31,0.96200794,0.9942922,1
625,2011-02-01,0.9572047,0.98971915,1
626,2011-02-02,0.87226146,0.90884626,1
627,2011-02-03,0.9408433,0.9741417,1
628,2011-02-04,0.96536493,0.9974883,1
629,2011-02-07,0.9677206,0.9997311,1
630,2011-02-08,0.9675897,0.9996065,1
631,2011-02-09,0.9534148,0.9861108,1
632,2011-02-10,-1.1326195,-0.99996376,0
633,2011-02-11,0.96331185,0.99553365,1
634,2011-02-14,-1.1323225,-0.99968106,0
635,2011-02-15,-1.1326224,-0.99996644,0
636,2011-02-16,0.95268923,0.98542005,1
637,2011-02-17,0.9545865,0.98722637,1
638,2011-02-18,0.87983584,0.91605765,1
639,2011-02-22,-1.1223146,-0.99015266,0
640,2011-02-23,-1.1301801,-0.99764127,0
641,2011-02-24,-1.1079589,-0.9764849,0
642,2011-02-25,0.9666043,0.9986683,1
643,2011-02-28,0.9076254,0.94251555,1
644,2011-03-01,-1.1164026,-0.984524,0
645,2011-03-02,0.9542181,0.98687565,1
646,2011-03-03,0.9629705,0.9952086,1
647,2011-03-04,-0.9413534,-0.81786287,0
648,2011-03-07,-1.1317981,-0.99918187,0
649,2011-03-08,0.9675471,0.99956596,1
650,2011-03-09,-1.0534768,-0.9246135,0
651,2011-03-10,-1.124405,-0.99214286,0
652,2011-03-11,0.96181,0.9941037,1
653,2011-03-14,-1.1306419,-0.9980809,0
654,2011-03-15,-0.99858963,-0.8723565,0
655,2011-03-16,-1.1303494,-0.9978025,0
656,2011-03-17,0.9667081,0.99876714,1
657,2011-03-18,0.65542805,0.7024032,1
658,2011-03-21,0.9334051,0.96705997,1
659,2011-03-22,-1.0190396,-0.89182657,0
660,2011-03-23,0.9675417,0.9995608,1
661,2011-03-24,0.96640235,0.998476,1
662,2011-03-25,0.96800303,1.0,1
663,2011-03-28,-1.1309006,-0.99832726,0
664,2011-03-29,0.9679987,0.9999959,1
665,2011-03-30,0.96800077,0.99999785,1
666,2011-03-31,-1.1324596,-0.99981165,0
667,2011-04-01,0.96718425,0.9992205,1
668,2011-04-04,0.86171323,0.8988035,1
669,2011-04-05,-1.1326575,-1.0,0
670,2011-04-06,0.95231736,0.985066,1
671,2011-04-07,-1.1092488,-0.9777129,0
672,2011-04-08,0.20937324,0.27772266,0
673,2011-04-11,0.82606846,0.86486673,1
674,2011-04-12,-1.1244912,-0.99222505,0
675,2011-04-13,0.9679539,0.99995327,1
676,2011-04-14,0.96689624,0.99894625,1
677,2011-04-15,0.96800274,0.99999976,1
678,2011-04-18,-1.1200291,-0.9879766,0
679,2011-04-19,0.96786445,0.9998681,1
680,2011-04-20,0.96174765,0.99404436,1
681,2011-04-21,0.9451005,0.97819495,1
682,2011-04-25,-1.1299528,-0.9974248,0
683,2011-04-26,0.95391124,0.9865835,1
684,2011-04-27,0.6667059,0.7131406,1
685,2011-04-28,0.9662031,0.9982863,1
686,2011-04-29,0.9673426,0.99937123,1
687,2011-05-02,0.8603179,0.897475,0
688,2011-05-03,0.96068037,0.9930282,1
689,2011-05-04,-1.1017101,-0.97053546,0
690,2011-05-05,-1.0922695,-0.9615473,0
691,2011-05-06,0.95602876,0.98859954,1
692,2011-05-09,0.96304715,0.99528164,1
693,2011-05-10,0.9679645,0.9999633,1
694,2011-05-11,-1.0822532,-0.9520109,0
695,2011-05-12,0.9658347,0.9979356,1
696,2011-05-13,-0.5941031,-0.48725227,0
697,2011-05-16,-1.1325358,-0.9998841,0
698,2011-05-17,-1.0427637,-0.91441375,0
699,2011-05-18,0.9047459,0.93977404,1
700,2011-05-19,0.96716976,0.99920666,1
701,2011-05-20,-1.1300291,-0.99749756,0
702,2011-05-23,-0.9660656,-0.8413909,0
703,2011-05-24,-1.1194296,-0.9874059,0
704,2011-05-25,0.9679019,0.99990374,1
705,2011-05-26,0.96798295,0.9999809,1
706,2011-05-27,0.95170456,0.9844825,1
707,2011-05-31,0.9480357,0.9809895,1
708,2011-06-01,-1.015486,-0.8884432,0
709,2011-06-02,-1.036492,-0.9084426,0
710,2011-06-03,-1.1307583,-0.99819183,0
711,2011-06-06,-1.123178,-0.9909748,0
712,2011-06-07,0.6989788,0.74386704,0
713,2011-06-08,-1.1315908,-0.9989844,0
714,2011-06-09,0.9666964,0.998756,1
715,2011-06-10,-1.1326573,-0.9999997,0
716,2011-06-13,0.96688026,0.99893105,1
717,2011-06-14,0.9279702,0.96188545,1
718,2011-06-15,-1.1326476,-0.9999905,0
719,2011-06-16,0.9641873,0.99636716,1
720,2011-06-17,0.9629099,0.9951509,1
721,2011-06-20,0.949956,0.98281777,1
722,2011-06-21,0.967625,0.9996401,1
723,2011-06-22,-0.75776714,-0.6430738,0
724,2011-06-23,-0.9976728,-0.87148356,0
725,2011-06-24,-1.1326373,-0.9999807,0
726,2011-06-27,0.9667734,0.9988293,1
727,2011-06-28,0.88285893,0.9189359,1
728,2011-06-29,0.95822036,0.9906861,1
729,2011-06-30,0.9677629,0.99977136,1
730,2011-07-01,0.93829316,0.9717138,1
731,2011-07-05,-1.0196066,-0.8923663,0
732,2011-07-06,0.8571588,0.89446723,1
733,2011-07-07,0.96744496,0.9994687,1
734,2011-07-08,-1.0724713,-0.94269776,0
735,2011-07-11,-1.089603,-0.9590086,0
736,2011-07-12,-1.1139047,-0.9821457,0
737,2011-07-13,0.96797097,0.9999695,1
738,2011-07-14,-1.1073449,-0.97590023,0
739,2011-07-15,0.94914365,0.98204434,1
740,2011-07-18,-1.1293191,-0.99682146,0
741,2011-07-19,0.95000494,0.9828644,1
742,2011-07-20,-1.1324272,-0.9997807,0
743,2011-07-21,0.9279537,0.96186984,1
744,2011-07-22,-1.1297626,-0.9972438,0
745,2011-07-25,-1.1314422,-0.9988429,0
746,2011-07-26,-1.1325151,-0.9998643,0
747,2011-07-27,-1.131034,-0.9984543,0
748,2011-07-28,-1.1298836,-0.997359,0
749,2011-07-29,-1.1326432,-0.9999864,0
750,2011-08-01,-1.1287528,-0.9962824,0
751,2011-08-02,-1.122669,-0.9904901,0
752,2011-08-03,0.96522623,0.9973563,1
753,2011-08-04,-1.1018888,-0.9707056,0
754,2011-08-05,0.92545766,0.95949334,1
755,2011-08-08,-1.0817022,-0.95148647,0
756,2011-08-09,0.96516407,0.9972971,1
757,2011-08-10,-0.8992938,-0.7778187,0
758,2011-08-11,0.5810592,0.631598,1
759,2011-08-12,0.9676727,0.9996855,1
760,2011-08-15,0.96685714,0.99890906,1
761,2011-08-16,-1.0733705,-0.9435539,0
762,2011-08-17,0.9679872,0.9999849,1
763,2011-08-18,-1.1316819,-0.99907106,0
764,2011-08-19,-1.1123896,-0.98070323,0
765,2011-08-22,0.88651854,0.92242014,1
766,2011-08-23,0.3644264,0.42534593,1
767,2011-08-24,0.8880979,0.9239238,1
768,2011-08-25,-0.49062952,-0.388737,0
769,2011-08-26,0.96738416,0.9994108,1
770,2011-08-29,0.9531494,0.98585814,1
771,2011-08-30,0.9373851,0.9708492,1
772,2011-08-31,0.9168108,0.95126086,1
773,2011-09-01,-1.132657,-0.99999946,0
774,2011-09-02,-0.97666085,-0.85147846,0
775,2011-09-06,-1.0676382,-0.9380962,0
776,2011-09-07,0.9678174,0.99982333,1
777,2011-09-08,-1.1326575,-1.0,0
778,2011-09-09,0.21521349,0.28328305,0
779,2011-09-12,0.9174343,0.95185447,1
780,2011-09-13,0.9565813,0.9891256,1
781,2011-09-14,0.9678253,0.9998308,1
782,2011-09-15,0.8292049,0.8678529,1
783,2011-09-16,0.96708065,0.99912184,1
784,2011-09-19,-1.1003125,-0.96920484,0
785,2011-09-20,0.96797913,0.9999773,1
786,2011-09-21,-0.44951516,-0.34959278,0
787,2011-09-22,-1.0174811,-0.89034265,0
788,2011-09-23,0.96322316,0.9954492,1
789,2011-09-26,0.95517105,0.98778296,1
790,2011-09-27,0.71959937,0.7634995,1
791,2011-09-28,-1.1326553,-0.99999785,0
792,2011-09-29,0.93064874,0.9644357,1
793,2011-09-30,-1.1293056,-0.99680865,0
794,2011-10-03,-1.1316012,-0.99899435,0
795,2011-10-04,0.899289,0.93457866,1
796,2011-10-05,0.59712106,0.64689016,1
797,2011-10-06,0.96362484,0.9958316,1
798,2011-10-07,-0.6387676,-0.5297766,0
799,2011-10-10,0.96221536,0.99448967,1
800,2011-10-11,-1.1255512,-0.9932342,0
801,2011-10-12,0.9561169,0.98868346,1
802,2011-10-13,-1.1004283,-0.9693152,0
803,2011-10-14,0.87360597,0.9101263,1
804,2011-10-17,-1.1326237,-0.99996775,0
805,2011-10-18,0.9679679,0.9999666,1
806,2011-10-19,-1.1326568,-0.9999993,0
807,2011-10-20,0.96739966,0.99942553,1
808,2011-10-21,0.96640116,0.9984749,1
809,2011-10-24,0.9578387,0.99032277,1
810,2011-10-25,-1.1326575,-1.0,0
811,2011-10-26,0.9569831,0.98950815,1
812,2011-10-27,0.9507405,0.9835647,1
813,2011-10-28,0.9567091,0.98924726,1
814,2011-10-31,-1.1138761,-0.98211855,0
815,2011-11-01,-0.6746042,-0.5638959,0
816,2011-11-02,0.96609956,0.9981878,1
817,2011-11-03,0.83133644,0.8698823,1
818,2011-11-04,-1.132146,-0.999513,0
819,2011-11-07,0.9677068,0.999718,1
820,2011-11-08,0.9660341,0.99812543,1
821,2011-11-09,-1.132591,-0.99993664,0
822,2011-11-10,0.9679947,0.9999921,1
823,2011-11-11,0.9467388,0.97975475,1
824,2011-11-14,-1.1287116,-0.9962431,0
825,2011-11-15,0.91911143,0.9534512,1
826,2011-11-16,-1.1277215,-0.9953005,0
827,2011-11-17,-1.1240803,-0.99183375,0
828,2011-11-18,0.9276815,0.9616106,1
829,2011-11-21,-1.1319789,-0.9993539,0
830,2011-11-22,-1.1315305,-0.99892694,0
831,2011-11-23,-0.26961866,-0.17831665,0
832,2011-11-25,-1.0662271,-0.9367528,0
833,2011-11-28,0.96800274,0.99999976,1
834,2011-11-29,0.8772806,0.9136249,1
835,2011-11-30,0.9679487,0.99994826,1
836,2011-12-01,-1.1303596,-0.9978123,0
837,2011-12-02,-1.131774,-0.99915874,0
838,2011-12-05,0.96754783,0.9995666,1
839,2011-12-06,0.96796244,0.9999614,1
840,2011-12-07,0.90826815,0.9431276,1
841,2011-12-08,-1.1185888,-0.9866054,0
842,2011-12-09,0.8966386,0.93205523,1
843,2011-12-12,-1.1322545,-0.9996162,0
844,2011-12-13,-1.065775,-0.93632245,0
845,2011-12-14,-1.1252519,-0.9929492,0
846,2011-12-15,0.9635663,0.9957759,1
847,2011-12-16,-1.1325762,-0.9999226,0
848,2011-12-19,-1.1319937,-0.9993679,0
849,2011-12-20,0.9631947,0.9954221,1
850,2011-12-21,0.65023464,0.6974586,1
851,2011-12-22,0.9679221,0.99992293,1
852,2011-12-23,0.92810595,0.96201473,1
853,2011-12-27,-1.1059482,-0.97457045,0
854,2011-12-28,-1.1326385,-0.9999818,0
855,2011-12-29,0.86577064,0.90266645,1
856,2011-12-30,-1.1173837,-0.9854581,0
857,2012-01-03,0.95006084,0.9829176,1
858,2012-01-04,0.9639409,0.99613255,1
859,2012-01-05,-1.0218136,-0.8944676,0
860,2012-01-06,-1.1318117,-0.99919474,0
861,2012-01-09,0.9574597,0.9899619,1
862,2012-01-10,0.7462787,0.7889004,1
863,2012-01-11,-1.1271572,-0.99476326,0
864,2012-01-12,0.9618038,0.9940978,1
865,2012-01-13,-1.1110417,-0.9794199,0
866,2012-01-17,0.96728384,0.9993153,1
867,2012-01-18,0.9639244,0.9961168,1
868,2012-01-19,0.77537674,0.8166041,1
869,2012-01-20,0.9655892,0.9977019,1
870,2012-01-23,-1.0484991,-0.91987437,0
871,2012-01-24,-1.1323541,-0.9997111,0
872,2012-01-25,0.9074086,0.9423092,1
873,2012-01-26,-1.1014491,-0.970287,0
874,2012-01-27,-1.1301224,-0.9975863,0
875,2012-01-30,-1.1316822,-0.99907136,0
876,2012-01-31,-0.0038110125,0.07475388,0
877,2012-02-01,0.9676452,0.99965936,1
878,2012-02-02,-1.1307778,-0.9982104,0
879,2012-02-03,0.96590215,0.9979998,1
880,2012-02-06,-1.1168189,-0.9849204,0
881,2012-02-07,0.96665555,0.9987171,1
882,2012-02-08,0.96006674,0.99244404,1
883,2012-02-09,0.962585,0.9948416,1
884,2012-02-10,-1.1291815,-0.9966905,0
885,2012-02-13,0.9668957,0.9989458,1
886,2012-02-14,0.9679943,0.99999166,1
887,2012-02-15,-1.1326507,-0.9999935,0
888,2012-02-16,0.9646001,0.99676013,1
889,2012-02-17,0.9636236,0.9958304,1
890,2012-02-21,0.96702105,0.9990651,1
891,2012-02-22,-1.1257149,-0.9933901,0
892,2012-02-23,0.9670962,0.9991366,1
893,2012-02-24,-1.0967958,-0.9658567,0
894,2012-02-27,-1.12046,-0.988387,0
895,2012-02-28,0.9605851,0.99293756,1
896,2012-02-29,-1.1134994,-0.98175985,0
897,2012-03-01,0.96799946,0.9999966,1
898,2012-03-02,-1.1313274,-0.99873364,0
899,2012-03-05,-1.1241516,-0.99190164,0
900,2012-03-06,-1.132055,-0.9994263,0
901,2012-03-07,0.061874192,0.13729155,1
902,2012-03-08,0.9521957,0.9849502,1
903,2012-03-09,0.95959127,0.99199134,1
904,2012-03-12,0.9679231,0.99992394,1
905,2012-03-13,0.9679847,0.99998254,1
906,2012-03-14,0.96678656,0.9988418,1
907,2012-03-15,0.95755845,0.9900559,1
908,2012-03-16,-1.0398023,-0.91159433,0
909,2012-03-19,0.9659259,0.9980224,1
910,2012-03-20,-0.20121546,-0.11319125,0
911,2012-03-21,-1.1207771,-0.98868895,0
912,2012-03-22,-1.1290909,-0.99660426,0
913,2012-03-23,0.94826394,0.9812068,1
914,2012-03-26,0.9659709,0.99806523,1
915,2012-03-27,-1.0313524,-0.9035493,0
916,2012-03-28,-1.1279272,-0.99549633,0
917,2012-03-29,0.966743,0.99880034,1
918,2012-03-30,-0.8000721,-0.6833516,1
919,2012-04-02,0.96389073,0.99608475,1
920,2012-04-03,-1.1326575,-1.0,0
921,2012-04-04,-1.1199576,-0.98790854,0
922,2012-04-05,-0.96950024,-0.844661,0
923,2012-04-09,-1.1288291,-0.99635506,0
924,2012-04-10,-1.1133546,-0.981622,0
925,2012-04-11,0.9673053,0.9993357,1
926,2012-04-12,0.9563967,0.98894984,1
927,2012-04-13,-1.1204252,-0.9883538,0
928,2012-04-16,0.9678379,0.9998428,1
929,2012-04-17,0.96798617,0.99998397,1
930,2012-04-18,-1.1319368,-0.99931383,0
931,2012-04-19,-1.1245167,-0.9922492,0
932,2012-04-20,0.867251,0.90407586,1
933,2012-04-23,-1.123365,-0.9911527,0
934,2012-04-24,0.8668185,0.9036641,1
935,2012-04-25,0.9548957,0.98752075,1
936,2012-04-26,0.9588371,0.9912733,1
937,2012-04-27,0.9680025,0.9999995,1
938,2012-04-30,-1.1315126,-0.9989099,0
939,2012-05-01,0.9149261,0.94946647,1
940,2012-05-02,-1.1271521,-0.9947583,0
941,2012-05-03,-1.1325437,-0.9998916,0
942,2012-05-04,-1.075515,-0.9455957,0
943,2012-05-07,-1.0456957,-0.9172053,0
944,2012-05-08,-1.1326159,-0.99996036,0
945,2012-05-09,-1.1259521,-0.9936158,0
946,2012-05-10,0.9675719,0.99958956,1
947,2012-05-11,-1.1326575,-0.99999994,0
948,2012-05-14,-1.0638719,-0.9345104,0
949,2012-05-15,-1.1319999,-0.99937373,0
950,2012-05-16,-1.0831255,-0.9528414,0
951,2012-05-17,-1.1325736,-0.9999201,0
952,2012-05-18,-1.1296363,-0.9971236,0
953,2012-05-21,0.95469713,0.98733175,1
954,2012-05-22,-0.8911191,-0.77003574,0
955,2012-05-23,-0.29200286,-0.19962823,0
956,2012-05-24,0.96466273,0.9968198,1
957,2012-05-25,-1.1326022,-0.9999473,0
958,2012-05-29,0.9675113,0.99953187,1
959,2012-05-30,-0.92922026,-0.80631113,0
960,2012-05-31,-1.0869226,-0.9564566,0
961,2012-06-01,-1.1258996,-0.99356586,0
962,2012-06-04,-0.9545995,-0.83047426,0
963,2012-06-05,0.96702534,0.99906915,1
964,2012-06-06,0.92526567,0.9593106,1
965,2012-06-07,0.95878917,0.9912277,1
966,2012-06-08,0.96755314,0.9995717,1
967,2012-06-11,-1.1325119,-0.9998613,0
968,2012-06-12,0.96177685,0.9940722,1
969,2012-06-13,-1.1325105,-0.99986005,0
970,2012-06-14,0.87852067,0.91480553,1
971,2012-06-15,0.8994595,0.93474096,1
972,2012-06-18,-1.1326389,-0.99998236,0
973,2012-06-19,0.934001,0.96762735,1
974,2012-06-20,-0.54343057,-0.4390079,0
975,2012-06-21,-1.1326575,-1.0,0
976,2012-06-22,0.96730876,0.99933904,1
977,2012-06-25,-1.1319605,-0.9993363,0
978,2012-06-26,0.96795684,0.9999561,1
979,2012-06-27,0.96461105,0.99677056,1
980,2012-06-28,-1.0707822,-0.9410896,0
981,2012-06-29,0.9660141,0.99810636,1
982,2012-07-02,-1.1324857,-0.9998364,0
983,2012-07-03,0.9038634,0.93893385,1
984,2012-07-05,-1.1245275,-0.9922595,0
985,2012-07-06,-1.132593,-0.99993855,0
986,2012-07-09,-1.0228069,-0.8954133,0
987,2012-07-10,-1.1305027,-0.9979484,0
988,2012-07-11,-0.9362495,-0.81300354,0
989,2012-07-12,-1.1326079,-0.9999528,0
990,2012-07-13,0.9653371,0.99746186,1
991,2012-07-16,-1.1326575,-1.0,0
992,2012-07-17,0.9635773,0.9957863,1
993,2012-07-18,0.9674152,0.9994404,1
994,2012-07-19,0.8689238,0.9056685,1
995,2012-07-20,-1.1326575,-1.0,0
996,2012-07-23,-1.132657,-0.99999946,0
997,2012-07-24,-1.1316315,-0.9990232,0
998,2012-07-25,0.94973993,0.9826121,1
999,2012-07-26,0.9627728,0.9950204,1
1000,2012-07-27,0.9679676,0.9999663,1
1001,2012-07-30,-1.1314852,-0.99888384,0
1002,2012-07-31,-1.1318586,-0.99923927,0
1003,2012-08-01,-0.85568804,-0.7363025,0
1004,2012-08-02,-1.1325707,-0.9999173,0
1005,2012-08-03,0.96728456,0.999316,1
1006,2012-08-06,0.9642849,0.9964601,1
1007,2012-08-07,0.9648607,0.99700826,1
1008,2012-08-08,0.967981,0.999979,1
1009,2012-08-09,-0.8566314,-0.7372006,0
1010,2012-08-10,0.9670646,0.9991066,1
1011,2012-08-13,-1.0828247,-0.952555,0
1012,2012-08-14,0.8218291,0.8608305,1
1013,2012-08-15,-1.1326536,-0.99999624,0
1014,2012-08-16,0.9672039,0.9992392,1
1015,2012-08-17,0.4948973,0.54956484,1
1016,2012-08-20,-1.034879,-0.90690684,0
1017,2012-08-21,-0.6809047,-0.5698945,0
1018,2012-08-22,-1.1326575,-1.0,0
1019,2012-08-23,-1.0534807,-0.92461723,0
1020,2012-08-24,0.967849,0.9998534,1
1021,2012-08-27,-1.0905404,-0.9599011,0
1022,2012-08-28,-1.1288443,-0.9963695,0
1023,2012-08-29,0.9678154,0.99982136,1
1024,2012-08-30,-1.1239994,-0.9917567,0
1025,2012-08-31,0.95714575,0.989663,1
1026,2012-09-04,-1.0620109,-0.9327386,0
1027,2012-09-05,0.96327406,0.99549764,1
1028,2012-09-06,0.9677121,0.999723,1
1029,2012-09-07,0.9673789,0.9994058,1
1030,2012-09-10,-1.0422063,-0.9138831,0
1031,2012-09-11,0.9679614,0.99996036,1
1032,2012-09-12,0.9626027,0.99485844,1
1033,2012-09-13,0.962379,0.9946455,1
1034,2012-09-14,0.96718276,0.99921906,1
1035,2012-09-17,-1.1291124,-0.9966247,0
1036,2012-09-18,0.9680002,0.9999973,1
1037,2012-09-19,0.96472466,0.99687874,1
1038,2012-09-20,0.9605108,0.9928668,1
1039,2012-09-21,-1.1151369,-0.98331887,0
1040,2012-09-24,-1.1168725,-0.98497134,0
1041,2012-09-25,-1.1245627,-0.99229306,0
1042,2012-09-26,-0.9553618,-0.8312,0
1043,2012-09-27,0.9678096,0.9998159,1
1044,2012-09-28,-1.1253026,-0.99299747,0
1045,2012-10-01,0.9623667,0.9946338,1
1046,2012-10-02,-1.1297702,-0.997251,0
1047,2012-10-03,0.9643028,0.99647707,1
1048,2012-10-04,0.9432498,0.9764329,1
1049,2012-10-05,0.9668076,0.99886185,1
1050,2012-10-08,-1.1230134,-0.99081796,0
1051,2012-10-09,-1.131571,-0.99896556,0
1052,2012-10-10,-1.0008159,-0.87447596,0
1053,2012-10-11,-1.1125376,-0.98084426,0
1054,2012-10-12,0.929431,0.9632763,1
1055,2012-10-15,0.967856,0.99986005,1
1056,2012-10-16,0.9519978,0.9847618,1
1057,2012-10-17,0.96621406,0.9982968,1
1058,2012-10-18,-1.1273907,-0.9949855,0
1059,2012-10-19,-1.108881,-0.9773629,0
1060,2012-10-22,0.96760195,0.9996182,1
1061,2012-10-23,-1.1321067,-0.9994756,0
1062,2012-10-24,-0.9623738,-0.837876,0
1063,2012-10-25,0.9679835,0.9999814,1
1064,2012-10-26,0.9609673,0.99330145,1
1065,2012-10-31,-1.0478278,-0.9192353,0
1066,2012-11-01,0.9565768,0.9891213,1
1067,2012-11-02,-1.132604,-0.99994904,0
1068,2012-11-05,0.9650201,0.99716,1
1069,2012-11-06,0.94616187,0.9792054,1
1070,2012-11-07,-0.9680747,-0.84330374,0
1071,2012-11-08,-1.1326512,-0.99999404,0
1072,2012-11-09,0.8877988,0.92363906,1
1073,2012-11-12,-1.1246299,-0.99235696,0
1074,2012-11-13,-1.131832,-0.99921405,0
1075,2012-11-14,0.12232782,0.19484833,0
1076,2012-11-15,-1.1325799,-0.9999261,0
1077,2012-11-16,0.96680045,0.99885505,1
1078,2012-11-19,0.91389954,0.94848907,1
1079,2012-11-20,-1.0443951,-0.9159669,0
1080,2012-11-21,0.92801845,0.96193147,1
1081,2012-11-23,0.9674274,0.99945194,1
1082,2012-11-26,-1.132505,-0.99985474,0
1083,2012-11-27,-0.06278792,0.018603057,0
1084,2012-11-28,0.95716846,0.98968464,1
1085,2012-11-29,0.96789706,0.99989915,1
1086,2012-11-30,0.93450356,0.9681058,1
1087,2012-12-03,-0.779385,-0.66365576,0
1088,2012-12-04,-1.1252034,-0.99290293,0
1089,2012-12-05,0.94025284,0.9735796,1
1090,2012-12-06,0.9677486,0.99975777,1
1091,2012-12-07,0.9679274,0.999928,1
1092,2012-12-10,0.62398136,0.67246336,1
1093,2012-12-11,0.96453565,0.9966988,1
1094,2012-12-12,-1.1326562,-0.9999988,0
1095,2012-12-13,-0.7675189,-0.65235823,0
1096,2012-12-14,-1.097778,-0.9667918,0
1097,2012-12-17,0.96704316,0.99908614,1
1098,2012-12-18,0.96630305,0.9983815,1
1099,2012-12-19,-1.1229776,-0.99078393,0
1100,2012-12-20,0.9586152,0.99106205,1
1101,2012-12-21,-1.1246723,-0.9923974,0
1102,2012-12-24,-1.132657,-0.9999995,0
1103,2012-12-26,-1.1322294,-0.9995924,0
1104,2012-12-27,-1.0402122,-0.9119845,0
1105,2012-12-28,-1.132637,-0.99998045,0
1106,2012-12-31,0.93927664,0.9726502,1
1107,2013-01-02,0.94865704,0.98158103,1
1108,2013-01-03,-0.8583108,-0.7387996,0
1109,2013-01-04,0.9679785,0.99997663,1
1110,2013-01-07,-1.1315702,-0.9989648,0
1111,2013-01-08,-0.85787165,-0.73838145,0
1112,2013-01-09,0.9659213,0.998018,1
1113,2013-01-10,0.9669737,0.99902004,1
1114,2013-01-11,0.96548223,0.9976,1
1115,2013-01-14,0.96800274,0.99999976,1
1116,2013-01-15,0.96730214,0.9993327,1
1117,2013-01-16,-1.0662525,-0.936777,0
1118,2013-01-17,0.9436749,0.9768377,1
1119,2013-01-18,0.96556574,0.99767953,1
1120,2013-01-22,0.9574479,0.98995066,1
1121,2013-01-23,0.94032025,0.9736438,1
1122,2013-01-24,0.92398024,0.9580867,1
1123,2013-01-25,0.96787184,0.9998751,1
1124,2013-01-28,-1.1192945,-0.9872774,0
1125,2013-01-29,0.96799874,0.99999595,1
1126,2013-01-30,-1.0462025,-0.9176878,0
1127,2013-01-31,-1.1324214,-0.9997751,0
1128,2013-02-01,0.9673046,0.99933505,1
1129,2013-02-04,-1.1323714,-0.99972755,0
1130,2013-02-05,0.9520102,0.9847736,1
1131,2013-02-06,0.9623515,0.9946193,1
1132,2013-02-07,-1.101966,-0.9707792,0
1133,2013-02-08,0.9669175,0.9989665,1
1134,2013-02-11,-1.1311631,-0.9985772,0
1135,2013-02-12,0.9638505,0.9960465,1
1136,2013-02-13,-1.1325504,-0.99989796,0
1137,2013-02-14,-1.0887994,-0.9582435,0
1138,2013-02-15,0.9661768,0.99826133,1
1139,2013-02-19,0.96303844,0.99527335,1
1140,2013-02-20,-1.125873,-0.9935405,0
1141,2013-02-21,-1.1323178,-0.9996765,0
1142,2013-02-22,0.8788827,0.9151502,1
1143,2013-02-25,-1.131867,-0.9992474,0
1144,2013-02-26,0.84858733,0.8863065,1
1145,2013-02-27,0.96798414,0.99998206,1
1146,2013-02-28,-1.120293,-0.98822796,0
1147,2013-03-01,0.9668614,0.9989131,1
1148,2013-03-04,0.9552666,0.9878739,1
1149,2013-03-05,0.9592291,0.9916465,1
1150,2013-03-06,0.9600228,0.9924022,1
1151,2013-03-07,0.86569375,0.90259326,1
1152,2013-03-08,0.96063715,0.9929871,1
1153,2013-03-11,0.9548765,0.98750246,1
1154,2013-03-12,0.9360305,0.96955955,1
1155,2013-03-13,0.9629039,0.99514526,1
1156,2013-03-14,0.9624875,0.99474883,1
1157,2013-03-15,-1.1318733,-0.9992533,0
1158,2013-03-18,-1.132641,-0.99998426,0
1159,2013-03-19,0.9671842,0.99922043,1
1160,2013-03-20,0.9500665,0.982923,1
1161,2013-03-21,-1.0333519,-0.90545297,0
1162,2013-03-22,0.96376026,0.99596053,1
1163,2013-03-25,-1.1288792,-0.99640274,0
1164,2013-03-26,0.9665653,0.9986312,1
1165,2013-03-27,-1.1326154,-0.99995995,0
1166,2013-03-28,0.37277895,0.43329823,1
1167,2013-04-01,-1.1215155,-0.9893919,0
1168,2013-04-02,0.9649463,0.9970898,1
1169,2013-04-03,-1.1125267,-0.9808337,0
1170,2013-04-04,0.8128434,0.8522754,1
1171,2013-04-05,-1.0791433,-0.94905007,0
1172,2013-04-08,0.9542171,0.98687464,1
1173,2013-04-09,0.9678811,0.9998839,1
1174,2013-04-10,0.96354425,0.9957549,1
1175,2013-04-11,0.9587398,0.99118066,1
1176,2013-04-12,-0.88438946,-0.7636286,0
1177,2013-04-15,-1.1298219,-0.9973002,0
1178,2013-04-16,0.8820948,0.91820836,1
1179,2013-04-17,-0.56111604,-0.45584595,0
1180,2013-04-18,-1.1271532,-0.99475944,0
1181,2013-04-19,0.88246566,0.91856146,1
1182,2013-04-22,0.94538236,0.9784633,1
1183,2013-04-23,0.95223516,0.98498774,1
1184,2013-04-24,-1.1326503,-0.9999931,0
1185,2013-04-25,0.96525323,0.997382,1
1186,2013-04-26,0.9678355,0.9998405,1
1187,2013-04-29,0.96475965,0.99691206,1
1188,2013-04-30,0.9599657,0.99234784,1
1189,2013-05-01,-1.1312939,-0.9987017,0
1190,2013-05-02,0.9658797,0.9979784,1
1191,2013-05-03,0.92588353,0.9598988,1
1192,2013-05-06,-1.132415,-0.9997692,0
1193,2013-05-07,0.9554871,0.9880838,1
1194,2013-05-08,0.61172813,0.6607973,1
1195,2013-05-09,-1.0514616,-0.92269474,0
1196,2013-05-10,0.9471179,0.9801157,1
1197,2013-05-13,-1.1038144,-0.9725389,0
1198,2013-05-14,0.9233255,0.9574633,1
1199,2013-05-15,0.9417244,0.97498065,1
1200,2013-05-16,-1.1308955,-0.9983223,0
1201,2013-05-17,0.96276414,0.99501216,1
1202,2013-05-20,-0.8723375,-0.7521542,0
1203,2013-05-21,0.96434057,0.99651307,1
1204,2013-05-22,-1.1307724,-0.9982052,0
1205,2013-05-23,-1.1326575,-1.0,0
1206,2013-05-24,0.9530648,0.9857776,1
1207,2013-05-28,0.96607035,0.99815995,1
1208,2013-05-29,-1.1246672,-0.99239254,0
1209,2013-05-30,0.96786106,0.9998649,1
1210,2013-05-31,-1.1322086,-0.99957263,0
1211,2013-06-03,0.8891703,0.9249448,1
1212,2013-06-04,-0.95163673,-0.82765347,0
1213,2013-06-05,-1.1181293,-0.9861679,0
1214,2013-06-06,0.96502024,0.99716014,1
1215,2013-06-07,0.9560209,0.988592,1
1216,2013-06-10,-1.1326262,-0.9999702,0
1217,2013-06-11,-1.1321737,-0.9995393,0
1218,2013-06-12,-1.1284772,-0.9960199,0
1219,2013-06-13,0.9371217,0.97059846,1
1220,2013-06-14,-1.1223947,-0.9902289,0
1221,2013-06-17,0.967984,0.99998194,1
1222,2013-06-18,0.9606247,0.99297523,1
1223,2013-06-19,-1.1200703,-0.98801595,0
1224,2013-06-20,-1.1324972,-0.9998474,0
1225,2013-06-21,0.9674485,0.999472,1
1226,2013-06-24,-1.1312773,-0.9986859,0
1227,2013-06-25,0.82340217,0.86232823,1
1228,2013-06-26,0.9389968,0.97238374,1
1229,2013-06-27,0.9477299,0.98069835,1
1230,2013-06-28,-1.1322916,-0.9996515,0
1231,2013-07-01,0.95928854,0.9917031,1
1232,2013-07-02,-1.1323195,-0.99967813,0
1233,2013-07-03,0.96463984,0.996798,1
1234,2013-07-05,0.9670144,0.9990587,1
1235,2013-07-08,0.9678232,0.9998288,1
1236,2013-07-09,0.8960222,0.9314684,1
1237,2013-07-10,-1.057741,-0.9286733,0
1238,2013-07-11,0.96789557,0.9998977,1
1239,2013-07-12,-0.08634236,-0.0038226843,1
1240,2013-07-15,0.9674435,0.9994673,1
1241,2013-07-16,-1.1285247,-0.9960651,0
1242,2013-07-17,0.81249624,0.85194486,1
1243,2013-07-18,0.7770214,0.81816995,1
1244,2013-07-19,-0.16530892,-0.0790053,0
1245,2013-07-22,0.9385762,0.9719833,1
1246,2013-07-23,0.9675623,0.99958044,1
1247,2013-07-24,-1.1319025,-0.9992811,0
1248,2013-07-25,0.94786227,0.98082435,1
1249,2013-07-26,0.8933183,0.92889404,1
1250,2013-07-29,-1.1326402,-0.99998355,0
1251,2013-07-30,-1.1253552,-0.9930476,0
1252,2013-07-31,-1.1317894,-0.9991735,0
1253,2013-08-01,0.8443707,0.882292,1
1254,2013-08-02,0.96756786,0.9995857,1
1255,2013-08-05,-1.1307408,-0.99817514,0
1256,2013-08-06,-1.0726099,-0.94282967,0
1257,2013-08-07,-1.1220163,-0.9898687,0
1258,2013-08-08,0.9497136,0.982587,1
1259,2013-08-09,-1.1310238,-0.99844456,0
1260,2013-08-12,-1.1326495,-0.9999923,0
1261,2013-08-13,0.9648088,0.99695885,1
1262,2013-08-14,-1.132651,-0.9999938,0
1263,2013-08-15,-1.0517614,-0.92298025,0
1264,2013-08-16,-1.1217965,-0.9896594,0
1265,2013-08-19,-1.1241772,-0.991926,0
1266,2013-08-20,-1.1325092,-0.9998588,0
1267,2013-08-21,-1.1283967,-0.99594337,0
1268,2013-08-22,0.96689624,0.99894625,1
1269,2013-08-23,0.9615524,0.99385846,1
1270,2013-08-26,-1.1250907,-0.99279577,0
1271,2013-08-27,-1.0100409,-0.88325894,0
1272,2013-08-28,0.95532763,0.987932,1
1273,2013-08-29,0.9677656,0.999774,1
1274,2013-08-30,-1.1261673,-0.9938207,0
1275,2013-09-03,0.95682186,0.9893546,1
1276,2013-09-04,0.9177419,0.9521473,1
1277,2013-09-05,0.9677048,0.99971604,1
1278,2013-09-06,-1.0488563,-0.92021435,0
1279,2013-09-09,0.79380006,0.8341446,1
1280,2013-09-10,0.9678801,0.99988294,1
1281,2013-09-11,0.93529487,0.9688592,1
1282,2013-09-12,-1.1191841,-0.9871722,0
1283,2013-09-13,0.9416654,0.97492445,1
1284,2013-09-16,0.95809877,0.99057037,1
1285,2013-09-17,0.9559412,0.98851615,1
1286,2013-09-18,0.7899381,0.8304677,1
1287,2013-09-19,-1.132476,-0.9998271,0
1288,2013-09-20,-1.1115619,-0.97991526,0
1289,2013-09-23,-1.1188617,-0.9868653,0
1290,2013-09-24,-1.1148909,-0.98308474,0
1291,2013-09-25,-1.1271856,-0.9947903,0
1292,2013-09-26,0.89868253,0.93400127,1
1293,2013-09-27,-1.1317015,-0.99908966,0
1294,2013-09-30,-1.1209985,-0.9888997,0
1295,2013-10-01,0.9596371,0.992035,1
1296,2013-10-02,-1.1322782,-0.99963886,0
1297,2013-10-03,-1.1321777,-0.99954313,0
1298,2013-10-04,0.93136895,0.9651214,1
1299,2013-10-07,-1.1326402,-0.99998355,0
1300,2013-10-08,-1.123874,-0.99163735,0
1301,2013-10-09,0.96786124,0.999865,1
1302,2013-10-10,0.9664368,0.9985089,1
1303,2013-10-11,0.96343654,0.9956524,1
1304,2013-10-14,0.9282457,0.96214783,1
1305,2013-10-15,-1.1326442,-0.9999872,0
1306,2013-10-16,0.93347204,0.9671237,1
1307,2013-10-17,-1.0888587,-0.9583,0
1308,2013-10-18,0.96504754,0.9971861,1
1309,2013-10-21,-1.1326575,-1.0,0
1310,2013-10-22,0.9327544,0.96644044,1
1311,2013-10-23,-1.1175154,-0.98558354,0
1312,2013-10-24,0.9678963,0.9998984,1
1313,2013-10-25,0.9623615,0.99462885,1
1314,2013-10-28,-1.1206212,-0.9885404,0
1315,2013-10-29,0.9640284,0.9962159,1
1316,2013-10-30,-1.1306304,-0.99806994,0
1317,2013-10-31,-1.1041853,-0.9728921,0
1318,2013-11-01,0.8679003,0.9046941,1
1319,2013-11-04,0.9486385,0.9815634,1
1320,2013-11-05,-0.48719352,-0.38546565,0
1321,2013-11-06,0.9608089,0.9931506,1
1322,2013-11-07,-1.1326575,-1.0,0
1323,2013-11-08,0.95101863,0.9838295,1
1324,2013-11-11,0.9554614,0.98805934,1
1325,2013-11-12,-1.132653,-0.9999957,0
1326,2013-11-13,0.96692276,0.9989715,1
1327,2013-11-14,0.9607488,0.9930934,1
1328,2013-11-15,0.8810262,0.91719097,1
1329,2013-11-18,0.9607331,0.9930785,1
1330,2013-11-19,-0.9148862,-0.79266393,0
1331,2013-11-20,-1.1326568,-0.9999992,0
1332,2013-11-21,0.5576523,0.60931265,1
1333,2013-11-22,0.96788687,0.99988943,1
1334,2013-11-25,0.9659031,0.99800074,1
1335,2013-11-26,0.94719505,0.98018914,1
1336,2013-11-27,0.73623544,0.77933836,1
1337,2013-11-29,-1.0877837,-0.95727646,0
1338,2013-12-02,-1.1310346,-0.9984548,0
1339,2013-12-03,-1.049182,-0.92052454,0
1340,2013-12-04,-1.1318773,-0.99925715,0
1341,2013-12-05,-1.1284614,-0.99600494,0
1342,2013-12-06,0.96697503,0.9990213,1
1343,2013-12-09,0.9635485,0.99575895,1
1344,2013-12-10,-1.1310754,-0.9984937,0
1345,2013-12-11,-1.1260525,-0.9937115,0
1346,2013-12-12,-1.1325734,-0.99991983,0
1347,2013-12-13,0.8852151,0.9211792,1
1348,2013-12-16,0.96504396,0.9971827,1
1349,2013-12-17,-1.1326574,-0.9999998,0
1350,2013-12-18,0.96798515,0.999983,1
1351,2013-12-19,0.9675011,0.99952215,1
1352,2013-12-20,0.96239644,0.9946621,1
1353,2013-12-23,0.9652388,0.9973683,1
1354,2013-12-24,0.96545315,0.9975723,1
1355,2013-12-26,0.95319873,0.9859051,1
1356,2013-12-27,-1.1310543,-0.99847364,0
1357,2013-12-30,0.96782994,0.99983525,1
1358,2013-12-31,0.9677298,0.9997399,1
1359,2014-01-02,-1.1231117,-0.99091154,0
1360,2014-01-03,0.96799827,0.99999547,1
1361,2014-01-06,-1.097371,-0.96640426,0
1362,2014-01-07,0.8448951,0.8827913,1
1363,2014-01-08,-1.1154467,-0.98361385,0
1364,2014-01-09,-1.1309664,-0.9983899,0
1365,2014-01-10,-1.1273046,-0.9949035,0
1366,2014-01-13,-1.1242664,-0.99201095,0
1367,2014-01-14,0.9180496,0.95244026,1
1368,2014-01-15,0.964205,0.996384,1
1369,2014-01-16,-1.1326575,-1.0,0
1370,2014-01-17,0.9633084,0.99553037,1
1371,2014-01-21,-1.0862957,-0.9558597,0
1372,2014-01-22,-1.1165845,-0.98469716,0
1373,2014-01-23,-1.1313984,-0.9988012,0
1374,2014-01-24,-0.9808993,-0.8555138,0
1375,2014-01-27,-1.0982391,-0.96723074,0
1376,2014-01-28,0.96638954,0.99846387,1
1377,2014-01-29,-1.1292899,-0.9967937,0
1378,2014-01-30,0.9649339,0.99707794,1
1379,2014-01-31,-0.8963643,-0.7750296,0
1380,2014-02-03,-1.1324989,-0.9998489,0
1381,2014-02-04,0.9630305,0.9952658,1
1382,2014-02-05,-0.5820105,-0.47573918,0
1383,2014-02-06,0.35427445,0.41568044,1
1384,2014-02-07,0.88265026,0.91873723,1
1385,2014-02-10,0.9676838,0.9996961,1
1386,2014-02-11,0.928633,0.96251655,1
1387,2014-02-12,-1.0920578,-0.96134573,0
1388,2014-02-13,0.9593252,0.991738,1
1389,2014-02-14,0.96701556,0.99905986,1
1390,2014-02-18,-1.1326568,-0.9999993,0
1391,2014-02-19,-1.1262872,-0.993935,0
1392,2014-02-20,0.9355094,0.9690634,1
1393,2014-02-21,-0.96847796,-0.8436877,0
1394,2014-02-24,0.96800274,0.99999976,1
1395,2014-02-25,-1.1325727,-0.9999192,0
1396,2014-02-26,0.89356107,0.9291252,1
1397,2014-02-27,0.96459365,0.996754,1
1398,2014-02-28,0.7629469,0.8047699,1
1399,2014-03-03,-1.1326305,-0.99997425,0
1400,2014-03-04,0.95122904,0.9840298,1
1401,2014-03-05,-0.8469811,-0.7280128,0
1402,2014-03-06,0.9370601,0.97053987,1
1403,2014-03-07,0.9028353,0.937955,1
1404,2014-03-10,-1.1006949,-0.9695689,0
1405,2014-03-11,-1.0673,-0.93777424,0
1406,2014-03-12,-1.1326499,-0.99999267,0
1407,2014-03-13,-1.1308956,-0.9983225,0
1408,2014-03-14,-0.5479154,-0.44327784,0
1409,2014-03-17,0.76682585,0.808463,1
1410,2014-03-18,0.9328621,0.966543,1
1411,2014-03-19,-1.132656,-0.99999857,0
1412,2014-03-20,0.88661,0.92250717,1
1413,2014-03-21,-1.0822482,-0.9520062,0
1414,2014-03-24,-1.118359,-0.9863866,0
1415,2014-03-25,0.96736664,0.9993941,1
1416,2014-03-26,-1.1321118,-0.99948037,0
1417,2014-03-27,-0.783485,-0.6675593,0
1418,2014-03-28,0.96742797,0.99945253,1
1419,2014-03-31,0.96097285,0.9933067,1
1420,2014-04-01,0.92872727,0.9626063,1
1421,2014-04-02,0.9156504,0.9501561,1
1422,2014-04-03,-1.1326523,-0.999995,0
1423,2014-04-04,-1.1217593,-0.989624,0
1424,2014-04-07,-1.1326538,-0.9999965,0
1425,2014-04-08,0.74108124,0.783952,1
1426,2014-04-09,0.968003,0.99999994,1
1427,2014-04-10,-1.1326575,-1.0,0
1428,2014-04-11,-1.1321282,-0.9994961,0
1429,2014-04-14,0.9112189,0.94593686,1
1430,2014-04-15,0.96330416,0.9955263,1
1431,2014-04-16,0.9617816,0.9940767,1
1432,2014-04-17,-1.1306858,-0.9981228,0
1433,2014-04-21,0.9656,0.99771214,1
1434,2014-04-22,0.8631367,0.90015876,1
1435,2014-04-23,-1.1307606,-0.9981939,0
1436,2014-04-24,-1.1181725,-0.9862091,0
1437,2014-04-25,-1.0452186,-0.916751,0
1438,2014-04-28,0.9679012,0.999903,1
1439,2014-04-29,0.958968,0.9913979,1
1440,2014-04-30,0.9320821,0.9658004,1
1441,2014-05-01,-1.0995102,-0.968441,0
1442,2014-05-02,-1.043851,-0.91544896,0
1443,2014-05-05,0.9517223,0.98449945,1
1444,2014-05-06,-1.1153055,-0.9834795,0
1445,2014-05-07,0.88445383,0.9204544,1
1446,2014-05-08,0.9676419,0.9996562,1
1447,2014-05-09,0.9428515,0.9760537,1
1448,2014-05-12,0.87650234,0.9128839,1
1449,2014-05-13,0.9585211,0.99097246,1
1450,2014-05-14,-0.7853659,-0.6693501,0
1451,2014-05-15,-0.21678881,-0.12801835,0
1452,2014-05-16,0.9679998,0.99999696,1
1453,2014-05-19,0.7563334,0.7984733,1
1454,2014-05-20,-1.1326575,-1.0,0
1455,2014-05-21,-0.01007463,0.068790406,1
1456,2014-05-22,0.9256953,0.9597196,1
1457,2014-05-23,0.8965976,0.93201625,1
1458,2014-05-27,0.96741563,0.9994408,1
1459,2014-05-28,-1.1282649,-0.99581784,0
1460,2014-05-29,0.96773213,0.9997421,1
1461,2014-05-30,0.9669685,0.99901503,1
1462,2014-06-02,0.9563342,0.9888903,1
1463,2014-06-03,-1.1303825,-0.997834,0
1464,2014-06-04,0.587572,0.63779867,1
1465,2014-06-05,0.96781546,0.9998214,1
1466,2014-06-06,0.88882655,0.9246175,1
1467,2014-06-09,0.83942777,0.8775859,1
1468,2014-06-10,0.9670024,0.99904734,1
1469,2014-06-11,-1.1229595,-0.9907666,0
1470,2014-06-12,-1.1039816,-0.9726982,0
1471,2014-06-13,0.9425357,0.97575307,1
1472,2014-06-16,0.96319574,0.9954231,1
1473,2014-06-17,0.9335588,0.9672063,1
1474,2014-06-18,0.9654419,0.9975616,1
1475,2014-06-19,0.96047753,0.9928351,1
1476,2014-06-20,0.8881458,0.92396945,1
1477,2014-06-23,-1.1326548,-0.9999973,0
1478,2014-06-24,-1.0527654,-0.9239361,0
1479,2014-06-25,0.92904323,0.96290714,1
1480,2014-06-26,-1.1295922,-0.99708146,0
1481,2014-06-27,0.47008848,0.5259448,1
1482,2014-06-30,-1.1326553,-0.9999978,0
1483,2014-07-01,0.96478575,0.9969369,1
1484,2014-07-02,0.63442165,0.6824034,1
1485,2014-07-03,0.55899626,0.61059225,1
1486,2014-07-07,-1.1306578,-0.99809605,0
1487,2014-07-08,-0.60490686,-0.4975384,0
1488,2014-07-09,0.96794814,0.9999478,1
1489,2014-07-10,-1.1224555,-0.99028677,0
1490,2014-07-11,0.9673642,0.9993918,1
1491,2014-07-14,0.967863,0.9998667,1
1492,2014-07-15,0.9660158,0.998108,1
1493,2014-07-16,0.9281511,0.9620577,1
1494,2014-07-17,-1.1239785,-0.9917368,0
1495,2014-07-18,0.9679885,0.9999862,1
1496,2014-07-21,-0.7762767,-0.66069645,0
1497,2014-07-22,0.96664613,0.9987081,1
1498,2014-07-23,-1.1043773,-0.9730749,0
1499,2014-07-24,-1.1076181,-0.97616035,0
1500,2014-07-25,-1.132653,-0.9999957,0
1501,2014-07-28,0.68336535,0.72900176,1
1502,2014-07-29,-1.1080533,-0.9765748,0
1503,2014-07-30,-1.1270477,-0.9946589,0
1504,2014-07-31,-1.1326575,-1.0,0
1505,2014-08-01,-0.9483883,-0.82456064,0
1506,2014-08-04,0.96681446,0.9988684,1
1507,2014-08-05,-0.5401018,-0.43583867,0
1508,2014-08-06,0.7193525,0.7632644,1
1509,2014-08-07,-1.0803826,-0.95023,0
1510,2014-08-08,0.9509028,0.9837192,1
1511,2014-08-11,0.9665268,0.9985945,1
1512,2014-08-12,-1.1294931,-0.99698716,0
1513,2014-08-13,0.96779865,0.99980545,1
1514,2014-08-14,0.9633449,0.99556506,1
1515,2014-08-15,-1.0553343,-0.92638206,0
1516,2014-08-18,0.9672137,0.9992485,1
1517,2014-08-19,0.9598248,0.99221367,1
1518,2014-08-20,0.9664775,0.9985476,1
1519,2014-08-21,0.9599733,0.99235505,1
1520,2014-08-22,-0.12974535,-0.04514587,0
1521,2014-08-25,0.9617799,0.99407506,1
1522,2014-08-26,0.9677852,0.99979264,1
1523,2014-08-27,0.92739093,0.961334,1
1524,2014-08-28,-1.108722,-0.9772113,0
1525,2014-08-29,0.8955277,0.9309976,1
1526,2014-09-02,-1.1326573,-0.99999976,0
1527,2014-09-03,0.96699387,0.99903923,1
1528,2014-09-04,-1.1326567,-0.9999991,0
1529,2014-09-05,0.9555382,0.9881325,1
1530,2014-09-08,-1.1304916,-0.9979379,0
1531,2014-09-09,-1.1323242,-0.99968266,0
1532,2014-09-10,-0.9759842,-0.85083425,1
1533,2014-09-11,-1.0455005,-0.9170195,0
1534,2014-09-12,-1.0975131,-0.9665396,0
1535,2014-09-15,0.960192,0.9925633,1
1536,2014-09-16,0.96795887,0.999958,1
1537,2014-09-17,0.964195,0.9963745,1
1538,2014-09-18,0.9584916,0.9909444,1
1539,2014-09-19,0.8994545,0.9347362,1
1540,2014-09-22,-1.1297387,-0.997221,0
1541,2014-09-23,-1.1313545,-0.9987593,0
1542,2014-09-24,0.96641654,0.99848956,1
1543,2014-09-25,-1.1326575,-0.99999994,0
1544,2014-09-26,0.8633334,0.900346,1
1545,2014-09-29,-1.1302699,-0.99772674,0
1546,2014-09-30,-1.1241126,-0.9918645,0
1547,2014-10-01,-1.1326385,-0.9999819,0
1548,2014-10-02,-1.1326495,-0.9999924,0
1549,2014-10-03,0.9217779,0.95598996,1
1550,2014-10-06,-1.1296977,-0.99718195,0
1551,2014-10-07,-1.132633,-0.9999766,0
1552,2014-10-08,0.90037775,0.93561524,1
1553,2014-10-09,-1.108219,-0.9767326,0
1554,2014-10-10,-1.1326573,-0.99999976,0
1555,2014-10-13,-1.1029717,-0.97173667,0
1556,2014-10-14,-1.1275775,-0.99516344,0
1557,2014-10-15,-1.1306546,-0.998093,0
1558,2014-10-16,-1.1145259,-0.9827371,0
1559,2014-10-17,0.9661481,0.998234,1
1560,2014-10-20,0.67270064,0.7188481,1
1561,2014-10-21,0.9119858,0.9466671,1
1562,2014-10-22,-1.1324807,-0.9998316,0
1563,2014-10-23,0.9674785,0.99950063,1
1564,2014-10-24,0.9678526,0.99985677,1
1565,2014-10-27,0.8737832,0.910295,1
1566,2014-10-28,0.9378965,0.9713361,1
1567,2014-10-29,-1.1296006,-0.9970896,0
1568,2014-10-30,0.9669874,0.99903303,1
1569,2014-10-31,0.9679526,0.999952,1
1570,2014-11-03,-1.1326562,-0.9999988,0
1571,2014-11-04,0.13631228,0.20816267,1
1572,2014-11-05,0.9067425,0.941675,1
1573,2014-11-06,0.9460941,0.97914094,1
1574,2014-11-07,0.95656466,0.98910975,1
1575,2014-11-10,0.93204826,0.96576816,1
1576,2014-11-11,0.48771757,0.54272914,1
1577,2014-11-12,-1.1323993,-0.99975413,0
1578,2014-11-13,0.701888,0.74663687,1
1579,2014-11-14,-0.609447,-0.501861,0
1580,2014-11-17,0.96735835,0.99938625,1
1581,2014-11-18,0.96730125,0.9993319,1
1582,2014-11-19,-1.1317327,-0.99911946,0
1583,2014-11-20,-0.028321104,0.051418275,1
1584,2014-11-21,0.96165687,0.99395794,1
1585,2014-11-24,0.7496135,0.7920754,1
1586,2014-11-25,-1.1321619,-0.999528,0
1587,2014-11-26,0.94455504,0.9776756,1
1588,2014-11-28,0.9151446,0.9496745,1
1589,2014-12-01,-1.1320392,-0.9994113,0
1590,2014-12-02,0.96668917,0.99874914,1
1591,2014-12-03,0.91996807,0.95426685,1
1592,2014-12-04,-1.0488257,-0.9201853,0
1593,2014-12-05,0.9679995,0.99999666,1
1594,2014-12-08,-1.0007495,-0.8744128,0
1595,2014-12-09,-1.1326555,-0.9999981,0
1596,2014-12-10,-1.1326413,-0.99998456,0
1597,2014-12-11,0.92768323,0.9616123,1
1598,2014-12-12,-1.1326575,-1.0,0
1599,2014-12-15,-1.0448582,-0.91640794,0
1600,2014-12-16,-0.9418065,-0.8182943,0
1601,2014-12-17,0.9532853,0.98598754,1
1602,2014-12-18,0.9459839,0.979036,1
1603,2014-12-19,0.962056,0.9943379,1
1604,2014-12-22,0.8609785,0.89810395,1
1605,2014-12-23,-0.40625635,-0.30840686,1
1606,2014-12-24,0.925386,0.95942515,1
1607,2014-12-26,0.95606494,0.988634,1
1608,2014-12-29,-1.1320046,-0.99937844,0
1609,2014-12-30,-1.123708,-0.9914794,0
1610,2014-12-31,-1.1325039,-0.9998537,0
1611,2015-01-02,0.9209259,0.9551788,1
1612,2015-01-05,-0.9664635,-0.84176975,0
1613,2015-01-06,-1.1247559,-0.99247694,0
1614,2015-01-07,0.954244,0.9869003,1
1615,2015-01-08,0.92309344,0.9572424,1
1616,2015-01-09,-0.8422458,-0.7235044,0
1617,2015-01-12,-1.1278973,-0.9954679,0
1618,2015-01-13,0.066194095,0.14140445,0
1619,2015-01-14,-1.1303318,-0.9977857,0
1620,2015-01-15,-1.1317424,-0.99912864,0
1621,2015-01-16,0.96792436,0.99992514,1
1622,2015-01-20,0.5693522,0.6204519,1
1623,2015-01-21,0.94811904,0.98106885,1
1624,2015-01-22,0.96258414,0.9948408,1
1625,2015-01-23,-1.1326481,-0.999991,0
1626,2015-01-26,0.965296,0.9974227,1
1627,2015-01-27,-1.0903846,-0.9597528,0
1628,2015-01-28,-1.1307251,-0.9981602,0
1629,2015-01-29,0.95935965,0.9917708,1
1630,2015-01-30,-1.1325797,-0.99992585,0
1631,2015-02-02,0.8149953,0.85432416,1
1632,2015-02-03,0.95904404,0.99147034,1
1633,2015-02-04,0.950857,0.9836756,1
1634,2015-02-05,0.80605257,0.84581,1
1635,2015-02-06,-1.1324258,-0.9997793,0
1636,2015-02-09,-1.1006799,-0.96955466,0
1637,2015-02-10,0.968003,0.99999994,1
1638,2015-02-11,-1.0729742,-0.9431766,0
1639,2015-02-12,0.96304375,0.99527836,1
1640,2015-02-13,0.8633972,0.9004067,1
1641,2015-02-17,0.9653484,0.99747264,1
1642,2015-02-18,-1.1284362,-0.9959809,0
1643,2015-02-19,-1.1312704,-0.99867934,0
1644,2015-02-20,0.96796715,0.99996585,1
1645,2015-02-23,-1.1323991,-0.99975395,0
1646,2015-02-24,0.9550571,0.9876744,1
1647,2015-02-25,0.761939,0.80381024,1
1648,2015-02-26,-1.1224381,-0.9902702,0
1649,2015-02-27,-1.0857086,-0.9553008,0
1650,2015-03-02,0.810965,0.850487,1
1651,2015-03-03,-1.1101162,-0.9785388,0
1652,2015-03-04,-1.1064557,-0.9750536,0
1653,2015-03-05,0.9597857,0.9921765,1
1654,2015-03-06,-1.1315887,-0.9989824,0
1655,2015-03-09,0.9465914,0.9796144,1
1656,2015-03-10,-0.679748,-0.56879324,0
1657,2015-03-11,-1.1326536,-0.99999624,0
1658,2015-03-12,0.9678162,0.99982214,1
1659,2015-03-13,-1.1141509,-0.98238015,0
1660,2015-03-16,-0.35112682,-0.25591907,1
1661,2015-03-17,-1.1326451,-0.99998814,0
1662,2015-03-18,0.19585916,0.26485616,1
1663,2015-03-19,-1.0214055,-0.894079,0
1664,2015-03-20,0.9642701,0.99644595,1
1665,2015-03-23,-1.1326575,-1.0,0
1666,2015-03-24,-1.1136699,-0.98192227,0
1667,2015-03-25,-1.0990354,-0.9679889,0
1668,2015-03-26,0.39840958,0.45770067,0
1669,2015-03-27,0.96547,0.9975884,1
1670,2015-03-30,0.9650742,0.9972115,1
1671,2015-03-31,-0.9928766,-0.8669172,0
1672,2015-04-01,-1.0977422,-0.9667577,0
1673,2015-04-02,0.89993054,0.9351895,1
1674,2015-04-06,0.95108116,0.98388904,1
1675,2015-04-07,-1.0656593,-0.9362121,0
1676,2015-04-08,0.962695,0.99494636,1
1677,2015-04-09,0.90106267,0.9362673,1
1678,2015-04-10,0.9678438,0.99984837,1
1679,2015-04-13,-1.1326528,-0.99999547,0
1680,2015-04-14,0.9455243,0.9785984,1
1681,2015-04-15,0.96718043,0.99921685,1
1682,2015-04-16,-1.1301451,-0.9976079,0
1683,2015-04-17,-0.9731241,-0.84811115,0
1684,2015-04-20,0.9673756,0.99940264,1
1685,2015-04-21,-1.1321326,-0.9995002,0
1686,2015-04-22,0.9677926,0.99979967,1
1687,2015-04-23,0.96547604,0.9975941,1
1688,2015-04-24,0.9675566,0.99957496,1
1689,2015-04-27,-1.1309403,-0.998365,0
1690,2015-04-28,0.96557724,0.9976905,1
1691,2015-04-29,-1.1326277,-0.9999716,0
1692,2015-04-30,-1.1193397,-0.98732024,0
1693,2015-05-01,0.86614716,0.9030249,1
1694,2015-05-04,0.8598433,0.89702314,1
1695,2015-05-05,-1.1326526,-0.9999953,0
1696,2015-05-06,-1.1293712,-0.99687105,0
1697,2015-05-07,0.9090178,0.9438413,1
1698,2015-05-08,0.8553456,0.89274096,1
1699,2015-05-11,-1.1324843,-0.9998351,0
1700,2015-05-12,-0.42096633,-0.32241195,0
1701,2015-05-13,-1.1319609,-0.9993367,0
1702,2015-05-14,0.83787674,0.8761092,1
1703,2015-05-15,0.9098646,0.9446475,1
1704,2015-05-18,0.8340739,0.87248856,1
1705,2015-05-19,0.96698314,0.999029,1
1706,2015-05-20,-1.1326562,-0.99999875,0
1707,2015-05-21,0.96392435,0.99611676,1
1708,2015-05-22,-0.8443508,-0.7255085,0
1709,2015-05-26,-1.1320865,-0.99945635,0
1710,2015-05-27,0.95677596,0.9893109,1
1711,2015-05-28,-1.1304355,-0.99788433,0
1712,2015-05-29,-1.1263577,-0.994002,0
1713,2015-06-01,0.9287451,0.96262324,1
1714,2015-06-02,-1.127223,-0.99482596,0
1715,2015-06-03,0.9476997,0.9806696,1
1716,2015-06-04,-1.1209213,-0.9888261,0
1717,2015-06-05,-1.1321394,-0.99950665,0
1718,2015-06-08,-1.1325353,-0.9998836,0
1719,2015-06-09,-1.1326393,-0.9999826,0
1720,2015-06-10,0.6216324,0.67022693,1
1721,2015-06-11,0.9543158,0.98696864,1
1722,2015-06-12,-1.1326495,-0.9999924,0
1723,2015-06-15,-1.1321509,-0.9995176,0
1724,2015-06-16,0.72805005,0.77154523,1
1725,2015-06-17,0.96461135,0.99677086,1
1726,2015-06-18,0.95206755,0.9848282,1
1727,2015-06-19,-1.13265,-0.99999285,0
1728,2015-06-22,0.96550435,0.99762106,1
1729,2015-06-23,0.9418995,0.9751473,1
1730,2015-06-24,-1.1223377,-0.99017465,0
1731,2015-06-25,-1.1298418,-0.9973192,0
1732,2015-06-26,0.15207279,0.22316796,1
1733,2015-06-29,-1.1326574,-0.9999998,0
1734,2015-06-30,0.9401062,0.97344,1
1735,2015-07-01,0.56099874,0.61249876,1
1736,2015-07-02,-0.9490743,-0.82521385,0
1737,2015-07-06,-1.1066444,-0.97523344,0
1738,2015-07-07,0.96458185,0.9967428,1
1739,2015-07-08,-1.0590667,-0.92993546,0
1740,2015-07-09,0.9679983,0.9999955,1
1741,2015-07-10,0.9613684,0.9936833,1
1742,2015-07-13,0.95283854,0.9855622,1
1743,2015-07-14,0.96662176,0.99868494,1
1744,2015-07-15,-1.1047121,-0.9733936,0
1745,2015-07-16,0.9600685,0.9924457,1
1746,2015-07-17,-1.1032573,-0.9720086,0
1747,2015-07-20,0.89831597,0.9336523,1
1748,2015-07-21,-1.1124829,-0.9807921,0
1749,2015-07-22,-1.1239175,-0.9916787,0
1750,2015-07-23,-1.119393,-0.987371,0
1751,2015-07-24,-1.0639586,-0.934593,0
1752,2015-07-27,-1.1319662,-0.9993418,0
1753,2015-07-28,0.9375588,0.9710147,1
1754,2015-07-29,0.7977129,0.83786994,1
1755,2015-07-30,-1.1226777,-0.99049836,0
1756,2015-07-31,-1.1326222,-0.9999664,0
1757,2015-08-03,-1.1222124,-0.99005544,0
1758,2015-08-04,-1.1304954,-0.9979415,0
1759,2015-08-05,-1.1223079,-0.9901463,0
1760,2015-08-06,-1.1268054,-0.9944283,0
1761,2015-08-07,-1.132648,-0.99999094,0
1762,2015-08-10,0.91362715,0.94822973,1
1763,2015-08-11,-1.1311496,-0.9985643,0
1764,2015-08-12,-0.36849535,-0.2724553,0
1765,2015-08-13,0.91115844,0.94587934,1
1766,2015-08-14,0.77404404,0.8153353,1
1767,2015-08-17,0.9654341,0.9975542,1
1768,2015-08-18,-1.116673,-0.9847814,0
1769,2015-08-19,-1.0983412,-0.967328,0
1770,2015-08-20,-1.0458966,-0.9173966,0
1771,2015-08-21,-1.1001612,-0.96906084,0
1772,2015-08-24,-1.1325756,-0.99992204,0
1773,2015-08-25,-1.1326427,-0.99998593,0
1774,2015-08-26,0.96063715,0.9929871,1
1775,2015-08-27,0.9602756,0.9926429,1
1776,2015-08-28,-1.1201856,-0.9881256,0
1777,2015-08-31,-0.76258415,-0.64766,0
1778,2015-09-01,-1.0998424,-0.96875733,0
1779,2015-09-02,0.9585809,0.9910294,1
1780,2015-09-03,0.7600421,0.8020042,1
1781,2015-09-04,-1.1232595,-0.9910523,0
1782,2015-09-08,0.959823,0.992212,1
1783,2015-09-09,-1.1274785,-0.9950691,0
1784,2015-09-10,0.5938904,0.6438143,1
1785,2015-09-11,0.7210324,0.76486385,1
1786,2015-09-14,-1.1326575,-1.0,0
1787,2015-09-15,0.9679535,0.99995285,1
1788,2015-09-16,0.9265309,0.96051514,1
1789,2015-09-17,-1.1134624,-0.98172474,0
1790,2015-09-18,-1.1323756,-0.99973154,0
1791,2015-09-21,0.73215663,0.77545506,1
1792,2015-09-22,-1.1326555,-0.99999803,0
1793,2015-09-23,-1.1324637,-0.9998154,0
1794,2015-09-24,-1.1307719,-0.9982047,0
1795,2015-09-25,0.9621344,0.9944126,1
1796,2015-09-28,-1.1322457,-0.9996079,0
1797,2015-09-29,0.8014211,0.84140044,1
1798,2015-09-30,0.9661105,0.9981982,1
1799,2015-10-01,-1.123563,-0.99134135,0
1800,2015-10-02,0.7067437,0.75125986,1
1801,2015-10-05,0.9471325,0.9801296,1
1802,2015-10-06,0.96794987,0.9999494,1
1803,2015-10-07,0.96790403,0.99990577,1
1804,2015-10-08,0.9543249,0.98697734,1
1805,2015-10-09,0.94211763,0.975355,1
1806,2015-10-12,0.9671815,0.99921787,1
1807,2015-10-13,-1.1320715,-0.99944204,0
1808,2015-10-14,-1.0508475,-0.92211014,0
1809,2015-10-15,0.954721,0.9873544,1
1810,2015-10-16,0.96491486,0.9970598,1
1811,2015-10-19,0.8842338,0.9202449,1
1812,2015-10-20,-1.1326575,-1.0,0
1813,2015-10-21,-1.1326575,-1.0,0
1814,2015-10-22,0.9405686,0.97388023,1
1815,2015-10-23,0.933074,0.9667447,1
1816,2015-10-26,-1.1297327,-0.9972154,0
1817,2015-10-27,-1.1174864,-0.98555577,0
1818,2015-10-28,0.9416038,0.9748658,1
1819,2015-10-29,-1.1326011,-0.9999463,0
1820,2015-10-30,-1.1326562,-0.9999988,0
1821,2015-11-02,0.962303,0.9945731,1
1822,2015-11-03,0.9660473,0.998138,1
1823,2015-11-04,-1.131186,-0.998599,0
1824,2015-11-05,-1.1326418,-0.999985,0
1825,2015-11-06,0.87428343,0.9107713,1
1826,2015-11-09,-1.1326522,-0.9999948,0
1827,2015-11-10,0.6650355,0.71155024,1
1828,2015-11-11,-1.0635434,-0.9341977,0
1829,2015-11-12,-1.1250054,-0.9927145,0
1830,2015-11-13,-1.1311826,-0.9985957,0
1831,2015-11-16,0.96262956,0.994884,1
1832,2015-11-17,0.9633059,0.995528,1
1833,2015-11-18,0.94338405,0.9765608,1
1834,2015-11-19,-1.1273813,-0.9949766,0
1835,2015-11-20,0.14608745,0.21746942,1
1836,2015-11-23,-1.10288,-0.9716494,0
1837,2015-11-24,0.82800573,0.8667112,1
1838,2015-11-25,0.9680027,0.9999997,1
1839,2015-11-27,-0.6957086,-0.583989,0
1840,2015-11-30,-1.1261392,-0.9937939,0
1841,2015-12-01,0.96780527,0.9998117,1
1842,2015-12-02,-1.1326343,-0.99997777,0
1843,2015-12-03,-1.1326555,-0.9999981,0
1844,2015-12-04,0.9444604,0.9775855,1
1845,2015-12-07,-1.1252631,-0.9929598,0
1846,2015-12-08,-1.1079704,-0.97649586,0
1847,2015-12-09,-1.1326575,-1.0,0
1848,2015-12-10,0.9626674,0.9949201,1
1849,2015-12-11,-1.1322592,-0.9996208,0
1850,2015-12-14,0.966602,0.99866617,1
1851,2015-12-15,0.96797276,0.9999712,1
1852,2015-12-16,0.8627824,0.8998214,1
1853,2015-12-17,-1.132653,-0.9999957,0
1854,2015-12-18,-1.132657,-0.9999995,0
1855,2015-12-21,0.9639688,0.99615914,1
1856,2015-12-22,0.86199856,0.89907515,1
1857,2015-12-23,0.7717519,0.8131529,1
1858,2015-12-24,-1.1204004,-0.9883302,0
1859,2015-12-28,-1.1306326,-0.99807215,0
1860,2015-12-29,0.96798205,0.99998003,1
1861,2015-12-30,-1.1326393,-0.9999826,0
1862,2015-12-31,-0.9929029,-0.86694217,0
1863,2016-01-04,-1.1163361,-0.98446065,0
1864,2016-01-05,0.9058599,0.9408347,1
1865,2016-01-06,-1.0725797,-0.94280106,0
1866,2016-01-07,-1.0343115,-0.9063666,0
1867,2016-01-08,-0.3743395,-0.27801943,0
1868,2016-01-11,0.9019254,0.9370887,1
1869,2016-01-12,0.96466446,0.9968214,1
1870,2016-01-13,-0.33597365,-0.241492,0
1871,2016-01-14,0.8073165,0.84701335,1
1872,2016-01-15,-1.1067798,-0.97536224,0
1873,2016-01-19,0.9401121,0.9734456,1
1874,2016-01-20,-1.1320962,-0.9994656,0
1875,2016-01-21,0.852264,0.88980705,1
1876,2016-01-22,0.9615937,0.9938978,1
1877,2016-01-25,-1.1309636,-0.99838716,0
1878,2016-01-26,0.87017184,0.9068568,1
1879,2016-01-27,-1.130393,-0.997844,0
1880,2016-01-28,0.9677822,0.9997898,1
1881,2016-01-29,0.9667376,0.9987953,1
1882,2016-02-01,-1.1326487,-0.99999166,0
1883,2016-02-02,-1.1310377,-0.99845773,0
1884,2016-02-03,0.9577833,0.99026996,1
1885,2016-02-04,0.9629173,0.995158,1
1886,2016-02-05,-1.1015528,-0.9703858,0
1887,2016-02-08,-1.130938,-0.9983629,0
1888,2016-02-09,-1.1288817,-0.9964051,0
1889,2016-02-10,-1.1325574,-0.99990463,0
1890,2016-02-11,-1.1314428,-0.9988434,0
1891,2016-02-12,0.944531,0.9776527,1
1892,2016-02-16,0.90025043,0.935494,1
1893,2016-02-17,0.95966375,0.99206036,1
1894,2016-02-18,-1.1278392,-0.9954126,0
1895,2016-02-19,-1.1177189,-0.98577726,0
1896,2016-02-22,0.9666074,0.99867123,1
1897,2016-02-23,-1.1314737,-0.9988729,0
1898,2016-02-24,0.74434245,0.7870569,1
1899,2016-02-25,0.955626,0.9882161,1
1900,2016-02-26,-1.1069088,-0.9754851,0
1901,2016-02-29,-1.132656,-0.99999857,0
1902,2016-03-01,0.9315823,0.96532446,1
1903,2016-03-02,0.775655,0.816869,1
1904,2016-03-03,-0.1478072,-0.062342227,1
1905,2016-03-04,0.9679197,0.99992067,1
1906,2016-03-07,0.9668785,0.9989293,1
1907,2016-03-08,-1.1326334,-0.99997705,0
1908,2016-03-09,0.91703755,0.95147675,1
1909,2016-03-10,-1.1325897,-0.9999354,0
1910,2016-03-11,0.96039486,0.9927564,1
1911,2016-03-14,0.9675085,0.9995292,1
1912,2016-03-15,0.90534526,0.9403447,1
1913,2016-03-16,0.9486856,0.9816082,1
1914,2016-03-17,0.9023747,0.9375165,1
1915,2016-03-18,0.96748894,0.9995106,1
1916,2016-03-21,0.94790745,0.9808674,1
1917,2016-03-22,-1.1326478,-0.9999907,0
1918,2016-03-23,-1.1309547,-0.9983789,0
1919,2016-03-24,0.9633763,0.995595,1
1920,2016-03-28,0.9676062,0.99962217,1
1921,2016-03-29,0.7563097,0.7984507,1
1922,2016-03-30,0.9679993,0.9999964,1
1923,2016-03-31,-1.086123,-0.95569533,0
1924,2016-04-01,0.9503173,0.9831618,1
1925,2016-04-04,-1.1325449,-0.99989265,0
1926,2016-04-05,-1.1209028,-0.98880845,0
1927,2016-04-06,0.932303,0.9660107,1
1928,2016-04-07,-1.1049814,-0.97365004,0
1929,2016-04-08,0.93392164,0.96755177,1
1930,2016-04-11,-0.94620836,-0.8224852,0
1931,2016-04-12,0.9581293,0.9905994,1
1932,2016-04-13,0.9654389,0.9975588,1
1933,2016-04-14,0.85912627,0.8963405,1
1934,2016-04-15,-1.1326572,-0.9999996,0
1935,2016-04-18,0.95884347,0.99127936,1
1936,2016-04-19,0.962962,0.9952005,1
1937,2016-04-20,0.96799403,0.9999915,1
1938,2016-04-21,-1.1309439,-0.99836844,0
1939,2016-04-22,0.967977,0.9999752,1
1940,2016-04-25,-1.1326575,-1.0,0
1941,2016-04-26,0.9628807,0.9951231,1
1942,2016-04-27,0.96752024,0.9995404,1
1943,2016-04-28,-1.1326574,-0.9999998,0
1944,2016-04-29,-0.9487555,-0.8249103,0
1945,2016-05-02,0.9332,0.9668647,1
1946,2016-05-03,-0.81526935,-0.6978206,0
1947,2016-05-04,-1.1326575,-0.99999994,0
1948,2016-05-05,0.9433863,0.9765629,1
1949,2016-05-06,0.934112,0.967733,1
1950,2016-05-09,-1.1286169,-0.99615294,0
1951,2016-05-10,0.9500335,0.98289156,1
1952,2016-05-11,-1.0815438,-0.95133555,0
1953,2016-05-12,0.9641441,0.996326,1
1954,2016-05-13,-1.1326575,-1.0,0
1955,2016-05-16,0.9648652,0.99701256,1
1956,2016-05-17,-1.128564,-0.99610263,0
1957,2016-05-18,-1.1313727,-0.99877673,0
1958,2016-05-19,-1.0287806,-0.9011007,0
1959,2016-05-20,0.94857734,0.98150516,1
1960,2016-05-23,-1.1326507,-0.99999356,0
1961,2016-05-24,0.9556751,0.98826283,1
1962,2016-05-25,0.94933826,0.98222965,1
1963,2016-05-26,-1.1237538,-0.99152285,0
1964,2016-05-27,-0.8861763,-0.7653298,1
1965,2016-05-31,-1.1185142,-0.98653436,0
1966,2016-06-01,0.8592324,0.8964415,1
1967,2016-06-02,0.96387106,0.99606603,1
1968,2016-06-03,-1.1232212,-0.99101573,0
1969,2016-06-06,0.9539404,0.98661125,1
1970,2016-06-07,-0.42630833,-0.327498,1
1971,2016-06-08,0.96231616,0.99458563,1
1972,2016-06-09,-1.0237346,-0.8962965,0
1973,2016-06-10,-1.0564753,-0.92746824,0
1974,2016-06-13,-1.1324037,-0.9997583,0
1975,2016-06-14,-1.1204418,-0.9883696,0
1976,2016-06-15,-1.1326537,-0.9999964,0
1977,2016-06-16,0.6800988,0.7258917,1
1978,2016-06-17,-1.1205546,-0.988477,0
1979,2016-06-20,0.9445656,0.9776857,1
1980,2016-06-21,0.9449356,0.97803795,1
1981,2016-06-22,-1.13173,-0.99911684,0
1982,2016-06-23,0.9677888,0.9997961,1
1983,2016-06-24,-1.1325569,-0.9999042,0
1984,2016-06-27,-1.1326469,-0.9999898,0
1985,2016-06-28,-0.6431196,-0.53392,1
1986,2016-06-29,0.8154769,0.8547827,1
1987,2016-06-30,0.9673399,0.99936867,1
1988,2016-07-01,0.96794623,0.99994594,1
